regime,stream,alarm,alarm_time,delay,max_e_value
null,0,False,,,1.653665498195932
null,1,False,,,1.5278496074596843
null,2,False,,,1.0
null,3,False,,,1.0105262721966088
null,4,False,,,1.5173170700420902
null,5,False,,,1.0
null,6,False,,,1.1175968950962658
null,7,False,,,1.410250343157228
null,8,False,,,1.281951557585986
null,9,False,,,1.0
null,10,False,,,1.7126727083453481
null,11,False,,,1.5597902091302331
null,12,False,,,1.9401822473103494
null,13,False,,,1.0105262721966088
null,14,False,,,13.64711579278523
null,15,False,,,5.40603193747313
null,16,False,,,2.5851541330063843
null,17,False,,,1.5653040676673229
null,18,False,,,1.2339331697903742
null,19,False,,,1.0
null,20,False,,,2.0818298126341794
null,21,False,,,9.27450461230369
null,22,False,,,10.280402864596326
null,23,False,,,1.0651938884546899
null,24,False,,,9.267496558654598
null,25,False,,,1.0496464360671136
null,26,False,,,1.0521129176270003
null,27,False,,,1.5663253117409808
null,28,False,,,1.0
null,29,False,,,2.2201861723556235
null,30,False,,,1.0521129176270003
null,31,False,,,1.0332972606029416
null,32,False,,,1.0404501662139318
null,33,False,,,1.0
null,34,False,,,1.3824085751569082
null,35,False,,,1.0
null,36,False,,,1.423680416918668
null,37,False,,,1.1175968950962658
null,38,False,,,1.6423829073830634
null,39,False,,,3.229551514294617
null,40,False,,,1.2012307705139211
null,41,False,,,1.249929422948313
null,42,False,,,4.5925569034587985
null,43,False,,,1.888162976579249
null,44,False,,,1.114818703233265
null,45,False,,,1.1175968950962658
null,46,False,,,1.658145710282612
null,47,False,,,1.0
null,48,False,,,1.2927930641026535
null,49,False,,,1.0521129176270003
null,50,False,,,5.104868222185942
null,51,False,,,1.3413892822098987
null,52,False,,,3.762932108336439
null,53,False,,,1.037097368777943
null,54,False,,,1.622541356330524
null,55,False,,,10.238373606097953
null,56,False,,,1.0
null,57,True,106.0,,191.31232121706716
null,58,False,,,1.0
null,59,False,,,1.411102622303603
null,60,False,,,1.0105262721966088
null,61,False,,,1.1880069767549002
null,62,False,,,2.925768256407067
null,63,False,,,1.2966354785344325
null,64,False,,,1.7126727083453481
null,65,False,,,7.682679970966597
null,66,False,,,1.516728047236605
null,67,False,,,1.2561692034358949
null,68,False,,,1.757870882311401
null,69,False,,,2.511336851298229
null,70,False,,,1.1175968950962658
null,71,False,,,1.0950106091078728
null,72,False,,,1.3394014004932357
null,73,False,,,1.0521129176270003
null,74,False,,,7.562381686517536
null,75,False,,,1.407670535367185
null,76,False,,,1.545869713362985
null,77,False,,,1.1524354167902964
null,78,False,,,1.6920490175159417
null,79,False,,,1.6257964003017398
null,80,False,,,1.7643747721350018
null,81,False,,,1.038964063828716
null,82,False,,,1.0
null,83,False,,,7.6569815376141825
null,84,False,,,1.1175968950962658
null,85,False,,,1.2927930641026535
null,86,False,,,1.3252677483459976
null,87,False,,,1.3318253323123228
null,88,False,,,1.3975021766962679
null,89,False,,,1.0
null,90,False,,,1.0521129176270003
null,91,False,,,1.0
null,92,False,,,1.1175968950962658
null,93,False,,,1.1163250442913506
null,94,False,,,1.0
null,95,False,,,3.548569837558209
null,96,False,,,2.0767135678840036
null,97,False,,,1.0
null,98,False,,,9.172986105884874
null,99,False,,,3.169714411790496
null,100,False,,,1.0714927948946462
null,101,False,,,1.1175968950962658
null,102,False,,,1.3437896190340046
null,103,False,,,1.495076524590694
null,104,False,,,1.0
null,105,False,,,2.3162430664774205
null,106,False,,,1.800297133555472
null,107,False,,,2.073573194017435
null,108,False,,,4.173912071652768
null,109,False,,,1.0
null,110,False,,,1.1058958632298708
null,111,False,,,2.160760930884633
null,112,False,,,1.1490288616020556
null,113,False,,,2.972555716919988
null,114,False,,,2.346673293253472
null,115,False,,,2.7175571578475806
null,116,False,,,1.407670535367185
null,117,False,,,1.123400258950558
null,118,False,,,1.6869065638860916
null,119,False,,,1.1175968950962658
null,120,False,,,1.1175968950962658
null,121,False,,,3.284586456691182
null,122,False,,,1.1175968950962658
null,123,False,,,1.0
null,124,False,,,5.669822321565318
null,125,False,,,1.0
null,126,False,,,1.1880069767549002
null,127,False,,,1.9697825439637722
null,128,False,,,1.4184851265012282
null,129,False,,,9.37521195605924
null,130,False,,,1.545869713362985
null,131,False,,,1.8958665408816948
null,132,False,,,1.0521129176270003
null,133,False,,,1.1872740986026784
null,134,False,,,1.0
null,135,False,,,1.0
null,136,False,,,1.1175968950962658
null,137,False,,,1.0
null,138,False,,,1.9432301512340224
null,139,False,,,1.207757454600485
null,140,False,,,1.0521129176270003
null,141,False,,,1.8270391394895464
null,142,False,,,1.483423708389758
null,143,False,,,1.1175968950962658
null,144,False,,,1.7126727083453481
null,145,False,,,1.6782424677864651
null,146,False,,,1.3244958560180484
null,147,False,,,1.2912961143612536
null,148,False,,,2.1310336629016544
null,149,False,,,1.126181676717422
null,150,False,,,3.0426373330002634
null,151,False,,,1.0222645640926988
null,152,False,,,1.126181676717422
null,153,False,,,3.1663597693936567
null,154,False,,,1.1971314108427682
null,155,False,,,2.3377516813454102
null,156,False,,,1.2822051822607288
null,157,False,,,1.8192496774055849
null,158,False,,,1.3336228288434333
null,159,False,,,1.1058958632298708
null,160,False,,,1.295852553780149
null,161,False,,,1.938417846370848
null,162,False,,,1.6111246208724126
null,163,False,,,4.692814733224701
null,164,False,,,2.179913192973669
null,165,False,,,1.0
null,166,False,,,1.7126727083453481
null,167,False,,,1.0521129176270003
null,168,False,,,1.1880069767549002
null,169,False,,,1.2927930641026535
null,170,False,,,1.1971314108427682
null,171,False,,,1.0105262721966088
null,172,False,,,1.0
null,173,False,,,1.1858615639939287
null,174,False,,,1.7126727083453481
null,175,False,,,1.2183109870547078
null,176,False,,,1.239054907866778
null,177,False,,,1.366050581791532
null,178,False,,,1.0320458018651644
null,179,False,,,1.3231275547753858
null,180,False,,,1.9404094867281014
null,181,False,,,1.0
null,182,False,,,1.7344988322513184
null,183,False,,,3.489398711764157
null,184,False,,,1.0
null,185,False,,,1.514661526646444
null,186,False,,,1.1175968950962658
null,187,False,,,1.6940719965392874
null,188,False,,,2.065156861719018
null,189,False,,,1.407670535367185
null,190,False,,,11.450040466705897
null,191,False,,,2.886978101349062
null,192,False,,,3.10609762320595
null,193,False,,,1.0521129176270003
null,194,False,,,2.7216994123176623
null,195,False,,,1.407670535367185
null,196,False,,,5.435624384057773
null,197,False,,,3.8528932901824926
null,198,False,,,2.160760930884633
null,199,False,,,2.8955377716545714
null,200,False,,,1.2051250591362743
null,201,False,,,1.0651938884546899
null,202,False,,,1.3694387722999852
null,203,False,,,1.0606933490616148
null,204,False,,,1.216908109739845
null,205,False,,,1.2927930641026535
null,206,False,,,2.0025380979025766
null,207,False,,,4.375886601148053
null,208,False,,,1.0334178981584214
null,209,False,,,1.1175968950962658
null,210,False,,,78.2259317573509
null,211,False,,,1.5467883885041014
null,212,False,,,1.696375343379315
null,213,False,,,1.0521129176270003
null,214,False,,,2.454006407983196
null,215,False,,,1.4316435088397585
null,216,False,,,1.4516687895096778
null,217,False,,,1.7975667476950297
null,218,False,,,1.2557359012514846
null,219,False,,,1.405223488274654
null,220,False,,,1.948852091738818
null,221,False,,,1.2927930641026535
null,222,False,,,1.4519636636290292
null,223,False,,,4.984743889631261
null,224,False,,,1.1175968950962658
null,225,False,,,1.145230132150303
null,226,False,,,3.284586456691182
null,227,False,,,1.6352760870751828
null,228,False,,,1.0180164414671837
null,229,False,,,2.272636396751433
null,230,False,,,1.21950374356698
null,231,False,,,1.1175968950962658
null,232,False,,,4.882436454987764
null,233,False,,,1.0217294395354728
null,234,False,,,2.161889864035276
null,235,False,,,1.0
null,236,False,,,1.407670535367185
null,237,False,,,1.1081372559021507
null,238,False,,,1.2570117058386516
null,239,False,,,1.0886999122986882
null,240,False,,,1.8426539738632415
null,241,False,,,1.2927930641026535
null,242,False,,,1.1235140210839079
null,243,False,,,9.868179041929308
null,244,False,,,1.0814686064354089
null,245,False,,,3.667532854978908
null,246,False,,,2.1469538588184256
null,247,False,,,1.6650502633226385
null,248,False,,,1.545869713362985
null,249,False,,,1.0
null,250,False,,,1.0
null,251,False,,,1.1008117916611462
null,252,False,,,1.2755348422074764
null,253,False,,,2.2517736677605695
null,254,False,,,2.034024467115958
null,255,False,,,1.1971314108427682
null,256,False,,,1.4581335686169725
null,257,False,,,1.1971314108427682
null,258,False,,,1.0
null,259,False,,,1.0521129176270003
null,260,False,,,1.0521129176270003
null,261,False,,,1.0
null,262,False,,,1.0
null,263,False,,,1.432919218152387
null,264,False,,,1.4017027194140135
null,265,False,,,1.3592451217099353
null,266,False,,,2.6403799744773
null,267,False,,,1.0
null,268,False,,,1.0975200451536018
null,269,False,,,2.020675366771783
null,270,False,,,1.0
null,271,False,,,2.3270339418415165
null,272,False,,,1.9398461575451638
null,273,False,,,1.1163707382803867
null,274,False,,,1.4126890113853396
null,275,False,,,1.0
null,276,False,,,9.152192654121585
null,277,False,,,1.081015596685419
null,278,False,,,1.1058958632298708
null,279,False,,,1.1175968950962658
null,280,False,,,1.545869713362985
null,281,False,,,1.0
null,282,False,,,1.6534977052236428
null,283,False,,,1.2181304151923802
null,284,False,,,1.1971314108427682
null,285,False,,,1.0
null,286,False,,,4.576341739058875
null,287,False,,,1.6682764743473162
null,288,False,,,3.7006776632494023
null,289,False,,,1.0521129176270003
null,290,False,,,1.1503668723742193
null,291,False,,,3.0183538480039425
null,292,False,,,1.0
null,293,False,,,3.1701638975331288
null,294,False,,,1.4988889527942462
null,295,False,,,5.792775363730952
null,296,False,,,1.1251261348079673
null,297,False,,,1.1597954217173643
null,298,False,,,1.2927930641026535
null,299,False,,,1.1441257578748916
null,300,False,,,4.546367650497768
null,301,False,,,1.167244386161393
null,302,False,,,1.545869713362985
null,303,False,,,1.0651938884546899
null,304,False,,,2.556838230791344
null,305,False,,,1.0539002107814301
null,306,False,,,1.3576543043864913
null,307,False,,,1.0521129176270003
null,308,False,,,2.160760930884633
null,309,False,,,1.0
null,310,False,,,1.9860644363727724
null,311,False,,,6.149935636988818
null,312,False,,,1.0
null,313,False,,,1.226379666911262
null,314,False,,,1.4104104672355264
null,315,False,,,1.0
null,316,False,,,1.4743785326574903
null,317,False,,,2.6003420302199203
null,318,False,,,1.2927930641026535
null,319,False,,,1.0
null,320,False,,,1.0
null,321,False,,,1.1441257578748916
null,322,False,,,1.4077094463170865
null,323,False,,,1.0186773888735516
null,324,False,,,1.283898693015803
null,325,False,,,1.1334338688595615
null,326,False,,,1.1175968950962658
null,327,False,,,1.2031756855704525
null,328,False,,,1.9130291640494455
null,329,False,,,1.0982542099093846
null,330,False,,,1.0521129176270003
null,331,False,,,1.545869713362985
null,332,False,,,11.28163624198655
null,333,False,,,1.161307284361332
null,334,False,,,2.160760930884633
null,335,False,,,1.3557523079424292
null,336,False,,,2.1890875912557686
null,337,False,,,1.3347825238782096
null,338,False,,,1.0527178041328324
null,339,False,,,1.0481709559604315
null,340,False,,,16.051221081068633
null,341,False,,,1.106025787993412
null,342,False,,,1.8799111037305576
null,343,False,,,1.1971314108427682
null,344,False,,,9.2085147625297
null,345,False,,,1.0
null,346,False,,,1.0
null,347,False,,,1.474385587173249
null,348,False,,,1.914798500065746
null,349,False,,,1.2833318343748739
null,350,False,,,1.1778680100611052
null,351,False,,,1.0585693052832976
null,352,False,,,1.9235894709677526
null,353,False,,,1.1971314108427682
null,354,False,,,1.0105262721966088
null,355,False,,,2.1769909427606295
null,356,False,,,1.0
null,357,False,,,1.0
null,358,False,,,1.0
null,359,False,,,1.0521129176270003
null,360,False,,,2.6130368619490993
null,361,False,,,1.0
null,362,False,,,1.0419244636441805
null,363,False,,,1.0
null,364,False,,,2.535540938795818
null,365,False,,,1.545869713362985
null,366,False,,,2.3276311103471916
null,367,False,,,2.160760930884633
null,368,False,,,1.4410603591313755
null,369,False,,,2.0253201592896186
null,370,False,,,9.958976271067009
null,371,False,,,2.892310434169195
null,372,False,,,1.1175968950962658
null,373,False,,,1.1175968950962658
null,374,False,,,56.38242411138099
null,375,False,,,1.3613765138778524
null,376,False,,,1.6749341317143944
null,377,False,,,3.6085935110303162
null,378,False,,,1.1175968950962658
null,379,False,,,2.459818646281267
null,380,False,,,1.3400757736517048
null,381,False,,,1.407670535367185
null,382,False,,,2.3063184271042645
null,383,False,,,2.160760930884633
null,384,False,,,1.3248678466887402
null,385,False,,,1.2925690997212245
null,386,False,,,1.2398278656278006
null,387,False,,,1.545869713362985
null,388,False,,,3.284586456691182
null,389,False,,,1.1971314108427682
null,390,False,,,4.38253702005693
null,391,False,,,1.4194673694648958
null,392,False,,,1.0521129176270003
null,393,False,,,2.038624546535918
null,394,False,,,1.1251261348079673
null,395,False,,,1.4394820971946642
null,396,False,,,1.233318554725042
null,397,False,,,1.545869713362985
null,398,False,,,1.8140675578502685
null,399,False,,,1.4349764472040825
null,400,False,,,1.4171534951735376
null,401,False,,,2.176300265713875
null,402,False,,,1.0
null,403,False,,,1.1175968950962658
null,404,True,47.0,,275.1250249893818
null,405,False,,,1.3864763174164398
null,406,False,,,1.2658612948033063
null,407,False,,,1.114818703233265
null,408,False,,,2.6815515350860126
null,409,False,,,3.161729934697884
null,410,False,,,2.1310336629016544
null,411,False,,,1.2063935732845865
null,412,False,,,1.2927930641026535
null,413,False,,,1.3685294160568418
null,414,False,,,1.1175968950962658
null,415,False,,,1.346224809797145
null,416,False,,,87.83452216680185
null,417,False,,,1.0377034034094534
null,418,False,,,1.1175968950962658
null,419,False,,,1.7014103848839388
null,420,False,,,1.9458821793008778
null,421,False,,,17.831619256340577
null,422,False,,,1.407670535367185
null,423,False,,,1.609171839959272
null,424,False,,,1.1452891457732823
null,425,False,,,1.0521129176270003
null,426,False,,,1.1971314108427682
null,427,False,,,1.1175968950962658
null,428,False,,,1.5105818598822507
null,429,False,,,1.2309195316129542
null,430,False,,,1.8292873656577147
null,431,False,,,1.1519080104412411
null,432,False,,,2.4761872109938956
null,433,False,,,2.1177584864085652
null,434,False,,,1.0
null,435,False,,,1.1175968950962658
null,436,False,,,1.1441257578748916
null,437,False,,,1.1175968950962658
null,438,False,,,1.0
null,439,False,,,3.150930047183946
null,440,False,,,1.2300590257472321
null,441,False,,,1.407670535367185
null,442,False,,,1.054449535308871
null,443,False,,,1.2715388160428773
null,444,False,,,1.5770466004642245
null,445,False,,,1.0931355525422575
null,446,False,,,1.3068557609946239
null,447,False,,,1.0521129176270003
null,448,False,,,1.2198488127781468
null,449,False,,,1.383232798272542
null,450,False,,,1.704597113334989
null,451,False,,,2.8979337987480327
null,452,False,,,1.407670535367185
null,453,False,,,2.993608250935556
null,454,False,,,1.7126727083453481
null,455,False,,,1.4855278688298856
null,456,False,,,1.9627418910284864
null,457,False,,,1.1510978302043717
null,458,False,,,2.528258403118598
null,459,False,,,1.0651938884546899
null,460,False,,,1.0
null,461,False,,,2.0229804980841495
null,462,False,,,1.1956994959030431
null,463,False,,,2.9935628325408317
null,464,False,,,1.0
null,465,False,,,1.0865473216801496
null,466,False,,,2.040265638289631
null,467,False,,,1.1841829663047012
null,468,False,,,1.5237008916908337
null,469,False,,,4.640089224892943
null,470,False,,,1.0
null,471,False,,,1.0
null,472,False,,,2.8301799845248823
null,473,False,,,1.0521129176270003
null,474,False,,,1.0544014392149679
null,475,False,,,1.0
null,476,False,,,1.423680416918668
null,477,False,,,1.1971314108427682
null,478,False,,,2.4943310556901257
null,479,False,,,1.4794134795674552
null,480,False,,,1.6938424124724805
null,481,False,,,1.219846436789763
null,482,False,,,1.9690038313593903
null,483,False,,,1.1851083270041112
null,484,False,,,1.724205364915629
null,485,False,,,1.0
null,486,False,,,1.9858000550008446
null,487,False,,,11.205497574895377
null,488,False,,,1.3330629630929554
null,489,False,,,2.0457746674290935
null,490,False,,,1.202943156141874
null,491,False,,,1.0210067672194165
null,492,False,,,5.90052837079126
null,493,False,,,1.6152464984567692
null,494,False,,,1.664305276636347
null,495,False,,,1.0
null,496,False,,,1.9422089423849445
null,497,False,,,2.843099423975097
null,498,False,,,1.1175968950962658
null,499,False,,,1.0813892594008
change,0,True,79.0,29.0,2.0392388980012436e+16
change,1,True,86.0,36.0,7931450256930068.0
change,2,True,89.0,39.0,9255070329896692.0
change,3,True,86.0,36.0,3.84534509705201e+16
change,4,True,79.0,29.0,3954924267834723.5
change,5,True,86.0,36.0,2929718867116744.0
change,6,True,86.0,36.0,7.746717337187651e+16
change,7,True,79.0,29.0,1319542611138382.8
change,8,True,84.0,34.0,2608599808756811.0
change,9,True,84.0,34.0,6854833054734793.0
change,10,True,80.0,30.0,5.859498781084939e+16
change,11,True,85.0,35.0,4059198252613643.0
change,12,True,72.0,22.0,6.638580044537996e+17
change,13,True,69.0,19.0,3.950116832489978e+17
change,14,True,82.0,32.0,57263172205556.45
change,15,True,81.0,31.0,4.733712038924331e+18
change,16,True,73.0,23.0,2.3892187432292604e+16
change,17,True,78.0,28.0,2.7863339698311916e+18
change,18,True,76.0,26.0,1451146575094021.2
change,19,True,84.0,34.0,3.686319056999719e+16
change,20,True,72.0,22.0,2.0700974856519908e+18
change,21,True,85.0,35.0,1.3701049551516744e+17
change,22,True,81.0,31.0,9845296626111114.0
change,23,True,76.0,26.0,3.570612251475187e+17
change,24,True,81.0,31.0,6597892255220632.0
change,25,True,90.0,40.0,2050765819449.0498
change,26,True,77.0,27.0,2.2374340345990307e+17
change,27,True,80.0,30.0,4768212297145425.0
change,28,True,74.0,24.0,1.3299899176722622e+17
change,29,True,79.0,29.0,3.824805420982282e+16
change,30,True,85.0,35.0,2.2871412911274204e+16
change,31,True,82.0,32.0,793201066441767.5
change,32,True,90.0,40.0,1763862995958201.5
change,33,True,70.0,20.0,4.007710312486029e+16
change,34,True,73.0,23.0,1.5381659123102982e+17
change,35,True,73.0,23.0,1.343806665180073e+18
change,36,True,83.0,33.0,3.023203345249693e+16
change,37,True,70.0,20.0,3.0835631840542425e+20
change,38,True,72.0,22.0,1.6452616499833964e+18
change,39,True,77.0,27.0,7.564548538280206e+16
change,40,True,86.0,36.0,1.4270224690587508e+16
change,41,True,70.0,20.0,4.3570060567158686e+20
change,42,True,87.0,37.0,378817639126194.3
change,43,True,82.0,32.0,192933508625480.28
change,44,True,87.0,37.0,519856097679386.0
change,45,True,75.0,25.0,2.5344653709135786e+19
change,46,True,87.0,37.0,2766708714705182.0
change,47,True,79.0,29.0,3991397758966257.5
change,48,True,84.0,34.0,2.575214113240276e+16
change,49,True,81.0,31.0,1.6901467209965827e+17
change,50,True,69.0,19.0,9.907251636728458e+19
change,51,True,75.0,25.0,1.0038617719214328e+19
change,52,True,71.0,21.0,2.725398754572569e+18
change,53,True,81.0,31.0,7867707208049816.0
change,54,True,77.0,27.0,6.259826403436563e+17
change,55,True,83.0,33.0,1.2708160411545716e+16
change,56,True,66.0,16.0,1.490624932569473e+20
change,57,True,90.0,40.0,9843083952049.83
change,58,True,73.0,23.0,2.3803916748469535e+18
change,59,True,80.0,30.0,3009340851213068.0
change,60,True,80.0,30.0,393076141169984.5
change,61,True,77.0,27.0,1875746480748863.0
change,62,True,73.0,23.0,1.8521690387154043e+18
change,63,True,71.0,21.0,7.463693827787586e+16
change,64,True,69.0,19.0,1.7882705452418634e+17
change,65,True,86.0,36.0,2015787747758880.8
change,66,True,55.0,5.0,5.314774825373636e+22
change,67,True,84.0,34.0,1942315690080295.0
change,68,True,96.0,46.0,17132837861526.764
change,69,True,85.0,35.0,8562195295796594.0
change,70,True,80.0,30.0,1.0968905634699133e+18
change,71,True,82.0,32.0,1.3010057274021624e+16
change,72,True,68.0,18.0,1.1073600486300062e+19
change,73,True,83.0,33.0,441221382843821.6
change,74,True,85.0,35.0,1.628312198081592e+16
change,75,True,85.0,35.0,3463816743737619.0
change,76,True,75.0,25.0,7.321880947640688e+16
change,77,True,77.0,27.0,2.3003527970448696e+16
change,78,True,87.0,37.0,9.648397037711806e+16
change,79,True,88.0,38.0,711664485128158.5
change,80,True,79.0,29.0,60840661618261.85
change,81,True,72.0,22.0,4.67206504291551e+20
change,82,True,77.0,27.0,12111763324303.336
change,83,True,82.0,32.0,1.0435150380971638e+17
change,84,True,72.0,22.0,6.583269734437499e+17
change,85,True,80.0,30.0,5.582725623995978e+17
change,86,True,79.0,29.0,5.642826353167596e+18
change,87,True,69.0,19.0,1.8297840094598788e+20
change,88,True,86.0,36.0,186600321644441.16
change,89,True,89.0,39.0,53777405506595.7
change,90,True,81.0,31.0,1.1515537997406263e+18
change,91,True,76.0,26.0,2.40044819193903e+16
change,92,True,76.0,26.0,554167601002746.56
change,93,True,84.0,34.0,4.236117994289981e+16
change,94,True,95.0,45.0,10963810343139.424
change,95,True,76.0,26.0,3.174831219661007e+16
change,96,True,76.0,26.0,5.230045703542732e+17
change,97,True,84.0,34.0,222735819828734.84
change,98,True,82.0,32.0,1.2028803268114906e+18
change,99,True,82.0,32.0,6.509154773987398e+17
change,100,True,69.0,19.0,2.418637094315938e+17
change,101,True,85.0,35.0,5.583069019242097e+16
change,102,True,80.0,30.0,1332082653143545.0
change,103,True,83.0,33.0,8.153379243755866e+16
change,104,True,79.0,29.0,4.6062237622314874e+17
change,105,True,74.0,24.0,3.3648582146080614e+17
change,106,True,83.0,33.0,1.3588033521998907e+17
change,107,True,83.0,33.0,1.8335158142879108e+16
change,108,True,84.0,34.0,1025842548958675.8
change,109,True,91.0,41.0,1172199150163792.8
change,110,True,83.0,33.0,3259952573603696.0
change,111,True,93.0,43.0,716005850138980.9
change,112,True,78.0,28.0,4587062395790240.0
change,113,True,75.0,25.0,1.1734519783957651e+17
change,114,True,88.0,38.0,797437526488982.8
change,115,True,77.0,27.0,2.4450032464027346e+18
change,116,True,67.0,17.0,5.505037205010622e+19
change,117,True,93.0,43.0,3.6878878421168296e+16
change,118,True,76.0,26.0,2.117721971528915e+17
change,119,True,81.0,31.0,7.797587392403886e+17
change,120,True,74.0,24.0,1.3657802053004846e+18
change,121,True,80.0,30.0,2.7199966088485667e+17
change,122,True,86.0,36.0,1.4487497128390352e+16
change,123,True,85.0,35.0,763665639416666.2
change,124,True,81.0,31.0,5.829515655280479e+18
change,125,True,75.0,25.0,199389211383721.94
change,126,True,86.0,36.0,7309635814127542.0
change,127,True,78.0,28.0,578933005998992.0
change,128,True,84.0,34.0,846895810471782.8
change,129,True,73.0,23.0,5.3809423277659936e+17
change,130,True,96.0,46.0,5627651250204.336
change,131,True,64.0,14.0,7.514705605142405e+18
change,132,True,83.0,33.0,2.7137327130660116e+16
change,133,True,82.0,32.0,1.1566176213318302e+17
change,134,True,80.0,30.0,6927296865199095.0
change,135,True,81.0,31.0,8570554620344238.0
change,136,True,82.0,32.0,2220794144534260.8
change,137,True,93.0,43.0,2001348903692808.2
change,138,True,72.0,22.0,7.304280984790901e+16
change,139,True,87.0,37.0,4893704099234224.0
change,140,True,76.0,26.0,2.9298353029316985e+19
change,141,True,67.0,17.0,9.57349645864567e+19
change,142,True,83.0,33.0,2570841428537.8823
change,143,True,87.0,37.0,1725275805849220.0
change,144,True,83.0,33.0,1.5019441478083828e+16
change,145,True,71.0,21.0,5.7321853051199336e+16
change,146,True,76.0,26.0,6.25995265473495e+17
change,147,True,79.0,29.0,2.0906869871647226e+17
change,148,True,83.0,33.0,16228703411147.242
change,149,True,88.0,38.0,3648306187575693.5
change,150,True,72.0,22.0,1.9981142573744095e+20
change,151,True,84.0,34.0,631453305355757.6
change,152,True,78.0,28.0,6537729284564819.0
change,153,True,78.0,28.0,2.836600749205181e+16
change,154,True,79.0,29.0,2.2183792004148685e+17
change,155,True,76.0,26.0,1.87449359473828e+17
change,156,True,79.0,29.0,6.297789579405903e+17
change,157,True,78.0,28.0,5.623806078618232e+16
change,158,True,80.0,30.0,1.1010343274902528e+16
change,159,True,87.0,37.0,1648872528244519.5
change,160,True,80.0,30.0,2.254540573221075e+16
change,161,True,83.0,33.0,1.5123472458454642e+16
change,162,True,79.0,29.0,1.4548073111330655e+18
change,163,True,78.0,28.0,1.3471727250055357e+17
change,164,True,75.0,25.0,3.562837253800308e+16
change,165,True,79.0,29.0,2246093739247899.5
change,166,True,77.0,27.0,1.3622062050208878e+17
change,167,True,82.0,32.0,8365493228487663.0
change,168,True,72.0,22.0,2.1770771549580768e+17
change,169,True,87.0,37.0,966684221456196.4
change,170,True,74.0,24.0,7.854702184026689e+19
change,171,True,82.0,32.0,4.4974394127864536e+16
change,172,True,75.0,25.0,9957695984204140.0
change,173,True,80.0,30.0,8.92043433466026e+16
change,174,True,80.0,30.0,1.0471706409166382e+16
change,175,True,62.0,12.0,1.2225485765004532e+19
change,176,True,77.0,27.0,4.27148325570916e+16
change,177,True,78.0,28.0,8.781526967179846e+16
change,178,True,78.0,28.0,1.2301893460683435e+17
change,179,True,79.0,29.0,3.979955839140649e+17
change,180,True,86.0,36.0,262243913741467.16
change,181,True,69.0,19.0,2.0320673660819878e+19
change,182,True,68.0,18.0,1.231309152738163e+16
change,183,True,81.0,31.0,9096530956297322.0
change,184,True,84.0,34.0,9581842675527808.0
change,185,True,79.0,29.0,2.7196464489577424e+17
change,186,True,84.0,34.0,8514506901430847.0
change,187,True,81.0,31.0,8.474833275050557e+17
change,188,True,78.0,28.0,4500230400547214.5
change,189,True,73.0,23.0,981802300849161.9
change,190,True,86.0,36.0,562077417911670.6
change,191,True,85.0,35.0,8.003458632266962e+16
change,192,True,78.0,28.0,5.590293953248355e+17
change,193,True,74.0,24.0,6.051064401911384e+17
change,194,True,76.0,26.0,2.6438560184111437e+18
change,195,True,79.0,29.0,3.066426160121027e+19
change,196,True,80.0,30.0,8151658334869047.0
change,197,True,77.0,27.0,79323835302091.47
change,198,True,81.0,31.0,4460568563169157.0
change,199,True,81.0,31.0,1185825901721834.2
