family,dimension,seed,strength,commutator,offdiagonal_residual,deca_success,pgm_success,oracle_success,oracle_gap,gap_bound,bound_slack,jacobi_sweeps
noncommuting_sweep,4,0,0.0,1.636741347362259e-17,1.8983886652609742e-16,0.6948057874698752,0.5953398153316389,0.6948057842247719,-3.245103297189189e-09,3.7967773305219485e-16,3.245103676866922e-09,1
noncommuting_sweep,4,0,0.125,0.031450785411950156,0.10667971475982463,0.6775593601179152,0.5901711337634072,0.6775593549139968,-5.203918407303831e-09,0.21335942951964926,0.21335943472356766,8
noncommuting_sweep,4,0,0.25,0.044599136031461074,0.18182198056362922,0.6577995903925371,0.5845308633708299,0.6581313597873957,0.00033176939485857204,0.36364396112725844,0.36331219173239987,12
noncommuting_sweep,4,0,0.375,0.03408632703403949,0.12764861672055097,0.6865586684753348,0.5850160586853197,0.6865586559893788,-1.2485955935837012e-08,0.25529723344110195,0.2552972459270579,6
noncommuting_sweep,4,0,0.5,0.022538111097921604,0.1019181958874612,0.6862847578074244,0.5821738233341351,0.6862847469016625,-1.0905761849144824e-08,0.2038363917749224,0.20383640268068426,6
noncommuting_sweep,4,0,0.625,0.03458680370277125,0.17388957304734667,0.6646953861511757,0.5784354330629223,0.6648027893297507,0.00010740317857493853,0.34777914609469335,0.3476717429161184,7
noncommuting_sweep,4,0,0.75,0.03685664222201146,0.17544831672469743,0.6902690527936028,0.5877146137099176,0.6902690367134663,-1.6080136555629565e-08,0.35089663344939487,0.3508966495295314,8
noncommuting_sweep,4,0,0.875,0.02786598226690591,0.1598397170366089,0.6985217960780166,0.5966182188458531,0.6985217948590399,-1.2189766973591531e-09,0.3196794340732178,0.3196794352921945,8
noncommuting_sweep,4,0,1.0,0.029162078416266175,0.173836232424601,0.6750801787635642,0.5854957926818442,0.6750801773779089,-1.3856552572022451e-09,0.347672464849202,0.34767246623485726,8
noncommuting_sweep,4,1,0.0,1.1735778396458083e-17,1.2307877640423682e-16,0.7651007836662854,0.6348160560073943,0.7651007790945356,-4.5717498675657e-09,2.4615755280847364e-16,4.571750113723252e-09,1
noncommuting_sweep,4,1,0.125,0.010843198904523198,0.039124292111829585,0.7613199966978509,0.6314746915294313,0.7613199911957496,-5.502101330101539e-09,0.07824858422365917,0.0782485897257605,4
noncommuting_sweep,4,1,0.25,0.02059846596340528,0.0769979040408826,0.749323421878649,0.6209711641862099,0.7493234143797441,-7.498904830427477e-09,0.1539958080817652,0.15399581558067002,4
noncommuting_sweep,4,1,0.375,0.02742815031233671,0.11883796334181936,0.7300539796171475,0.6043808750147671,0.7300539784859338,-1.131213678284837e-09,0.2376759266836387,0.2376759278148524,5
noncommuting_sweep,4,1,0.5,0.03071841056379331,0.15840398180191625,0.7073959579974556,0.5855878383783992,0.7073959548438418,-3.1536138145327186e-09,0.3168079636038325,0.3168079667574463,7
noncommuting_sweep,4,1,0.625,0.03177750836254991,0.15357741696508168,0.6878430473080711,0.57064808887286,0.6878430450257005,-2.282370625827923e-09,0.30715483393016335,0.307154836212534,6
noncommuting_sweep,4,1,0.75,0.032638039559100246,0.1526714476453187,0.6782838008560892,0.56483632969628,0.6782837928704397,-7.985649475017453e-09,0.3053428952906374,0.3053429032762869,6
noncommuting_sweep,4,1,0.875,0.033954713738875895,0.15013225322597865,0.6810344141673466,0.5686491233290886,0.6810344059211575,-8.246189064919918e-09,0.3002645064519573,0.30026451469814636,6
noncommuting_sweep,4,1,1.0,0.034980992563118464,0.1468752526575622,0.6914364793558743,0.5776224060468566,0.6914364737789773,-5.576896944248233e-09,0.2937505053151244,0.29375051089202137,6
noncommuting_sweep,4,2,0.0,2.2289923443840866e-17,1.0511619537174058e-16,0.6041251906720897,0.5204782760892113,0.6041251785419556,-1.2130134119381353e-08,2.1023239074348117e-16,1.2130134329613744e-08,1
noncommuting_sweep,4,2,0.125,0.020374894258961284,0.1942076734355621,0.6468968694041702,0.5413031279309909,0.6468968665359784,-2.868191795180053e-09,0.3884153468711242,0.388415349739316,6
noncommuting_sweep,4,2,0.25,0.03541657144547161,0.17594615107082703,0.7038660075409983,0.5872996005263647,0.7038660042228231,-3.3181751790678504e-09,0.35189230214165407,0.35189230545982925,6
noncommuting_sweep,4,2,0.375,0.04247592832581804,0.1571810488054057,0.7409266025875779,0.6238916479484533,0.7409266001152508,-2.4723271208060282e-09,0.3143620976108114,0.31436210008313853,7
noncommuting_sweep,4,2,0.5,0.04413038754703146,0.15911024508697802,0.7482927296809238,0.6326294685839644,0.7482927276139263,-2.0669974620801668e-09,0.31822049017395604,0.3182204922409535,8
noncommuting_sweep,4,2,0.625,0.0472027936756085,0.18331722135370332,0.7265855710103125,0.6127921737308293,0.7265855654934013,-5.5169112611608284e-09,0.36663444270740664,0.3666344482243179,8
noncommuting_sweep,4,2,0.75,0.054369227342543174,0.21769765658317305,0.6854470585232012,0.575761541548339,0.6854470452182083,-1.3304992885210254e-08,0.4353953131663461,0.435395326471339,9
noncommuting_sweep,4,2,0.875,0.060575477562977896,0.24787621179816907,0.6415150144762859,0.5389458866331884,0.641514999399025,-1.5077260884233112e-08,0.49575242359633814,0.495752438673599,10
noncommuting_sweep,4,2,1.0,0.062229921503879064,0.2639558171501587,0.6136571634687933,0.5176612818614982,0.6136571512118536,-1.2256939685428847e-08,0.5279116343003174,0.5279116465572571,11
noncommuting_sweep,4,3,0.0,2.075305700849342e-17,1.377974889941755e-16,0.7533435025161378,0.6453198636059485,0.7533435021742669,-3.41870864950522e-10,2.75594977988351e-16,3.4187114054549996e-10,1
noncommuting_sweep,4,3,0.125,0.005908520752557882,0.028487607568620035,0.7511052458417857,0.6409700776456745,0.7511052447171911,-1.1245946396343243e-09,0.05697521513724007,0.05697521626183471,3
noncommuting_sweep,4,3,0.25,0.009378650734482585,0.05013346839517623,0.746931780148668,0.6296304638740676,0.7469317789617469,-1.1869211169468485e-09,0.10026693679035246,0.10026693797727358,4
noncommuting_sweep,4,3,0.375,0.0130734593795273,0.07494227562264268,0.7410859555195288,0.6144552308943176,0.7410859529301322,-2.589396586039072e-09,0.14988455124528535,0.14988455383468194,4
noncommuting_sweep,4,3,0.5,0.020633649722621952,0.0936008380896442,0.7313785011356767,0.5972737520225764,0.7313784957590208,-5.376655898281513e-09,0.1872016761792884,0.1872016815559443,5
noncommuting_sweep,4,3,0.625,0.03139859455267472,0.11183571427400937,0.7135541379242734,0.5768166857732568,0.7135541350688053,-2.8554680842063362e-09,0.22367142854801875,0.22367143140348683,6
noncommuting_sweep,4,3,0.75,0.04163804561691283,0.15117857464148501,0.6845801640867726,0.5511914707712879,0.6845801613197048,-2.7670677971158852e-09,0.30235714928297003,0.3023571520500378,6
noncommuting_sweep,4,3,0.875,0.047617329581096636,0.18929054531790587,0.6469646667318312,0.5232080509564828,0.6469646588878121,-7.84401910092214e-09,0.37858109063581175,0.37858109847983085,8
noncommuting_sweep,4,3,1.0,0.04831796108009031,0.21325977298003188,0.6119090928036682,0.5012822692243025,0.6119090867165524,-6.087115811403976e-09,0.42651954596006375,0.42651955204717956,7
noncommuting_sweep,4,4,0.0,5.123775042277915e-18,1.3030057111063703e-16,0.6812798871559341,0.5649221091232038,0.6812798825241154,-4.631818706357649e-09,2.6060114222127407e-16,4.631818966958791e-09,1
noncommuting_sweep,4,4,0.125,0.010007594793626205,0.04876937654630275,0.6733232765314283,0.5595014440519352,0.6733232598210793,-1.671034899342061e-08,0.0975387530926055,0.09753876980295449,6
noncommuting_sweep,4,4,0.25,0.018456861734911515,0.0825585356916804,0.6524587033724758,0.5466744772740777,0.6524586958214653,-7.551010483553e-09,0.1651170713833608,0.16511707893437128,6
noncommuting_sweep,4,4,0.375,0.02502123766843641,0.11965352910308363,0.6256846754790005,0.5329080155588862,0.6256846579047344,-1.757426615345281e-08,0.23930705820616727,0.23930707578043342,10
noncommuting_sweep,4,4,0.5,0.029428854682404772,0.12752029212058738,0.6019122124267685,0.5221638360007977,0.602418283851005,0.0005060714242365316,0.25504058424117476,0.25453451281693823,12
noncommuting_sweep,4,4,0.625,0.031234702999183902,0.1441670564661475,0.5869314897348494,0.5138409604009673,0.5872856508165243,0.00035416108167485305,0.288334112932295,0.28797995185062014,17
noncommuting_sweep,4,4,0.75,0.03085565269528843,0.15504416198543755,0.5727257518805076,0.5057891034244554,0.5728398608636768,0.00011410898316921436,0.3100883239708751,0.3099742149877059,16
noncommuting_sweep,4,4,0.875,0.02993732410682073,0.1600180904100198,0.5580108047263534,0.4981660620225623,0.5590553515548995,0.0010445468285460446,0.3200361808200396,0.31899163399149355,22
noncommuting_sweep,4,4,1.0,0.029652356704352505,0.17171478091857115,0.5623181743034493,0.49374055872795664,0.562352931002121,3.4756698671700725e-05,0.3434295618371423,0.3433948051384706,8
noncommuting_sweep,4,5,0.0,9.55878868923501e-18,1.5744594458359106e-16,0.49046355472410297,0.39628667499668313,0.49046355354583177,-1.1782712028285403e-09,3.148918891671821e-16,1.1782715177204295e-09,1
noncommuting_sweep,4,5,0.125,0.0030738238313685095,0.02891406034264993,0.4884217105200742,0.39605491736863885,0.4884758359930672,5.4125472992994084e-05,0.05782812068529986,0.05777399521230687,5
noncommuting_sweep,4,5,0.25,0.005589580736252929,0.05350243473062315,0.4819252560614069,0.3947718129573604,0.4856658904958571,0.0037406344344502185,0.1070048694612463,0.10326423502679608,6
noncommuting_sweep,4,5,0.375,0.006872330786219293,0.06313742101502999,0.48496230617310887,0.392224234591911,0.48496230500788906,-1.1652198095291055e-09,0.12627484203005998,0.1262748431952798,6
noncommuting_sweep,4,5,0.5,0.007106273373904353,0.06963183421777266,0.48371313455327264,0.38926242270351397,0.4837131219159274,-1.2637345225829932e-08,0.13926366843554533,0.13926368107289055,6
noncommuting_sweep,4,5,0.625,0.00769154523248473,0.07655420696625574,0.47887530721258653,0.3875008761187252,0.47887529751146973,-9.701116798765952e-09,0.15310841393251148,0.15310842363362828,6
noncommuting_sweep,4,5,0.75,0.009391753731924024,0.08918473960407826,0.4737746754645213,0.38848226831229515,0.47377466810834923,-7.356172060379862e-09,0.17836947920815652,0.17836948656432858,7
noncommuting_sweep,4,5,0.875,0.01092104796285495,0.09947997232718744,0.4751893221574711,0.3925503442199114,0.4751893129880924,-9.169378700768505e-09,0.1989599446543749,0.1989599538237536,10
noncommuting_sweep,4,5,1.0,0.011025253477505435,0.08008004451124723,0.4864174750435921,0.3983155976594079,0.48641747148757314,-3.5560189792782637e-09,0.16016008902249446,0.16016009257851344,9
noncommuting_sweep,4,6,0.0,1.090027691997942e-17,0.032662128066217815,0.664469336756639,0.5365713742392408,0.6644693318380912,-4.918547791277206e-09,0.06532425613243563,0.06532426105098342,4
noncommuting_sweep,4,6,0.125,0.013937285659912146,0.09346507312000132,0.6537142409833514,0.5291334069665805,0.6537142362044706,-4.778880846600941e-09,0.18693014624000265,0.1869301510188835,6
noncommuting_sweep,4,6,0.25,0.02217280016103898,0.12913975100048594,0.6265834122573677,0.5121300076249367,0.626583408572448,-3.6849197027066793e-09,0.2582795020009719,0.2582795056858916,6
noncommuting_sweep,4,6,0.375,0.022268180807559886,0.16864848673568816,0.5975359734895827,0.49560706078099676,0.5975359695059739,-3.983608776181313e-09,0.3372969734713763,0.3372969774549851,9
noncommuting_sweep,4,6,0.5,0.017725160598069948,0.1723242625801216,0.5813114461412683,0.4842837804945996,0.5813114392684746,-6.872793667511701e-09,0.3446485251602432,0.34464853203303686,8
noncommuting_sweep,4,6,0.625,0.017400076625798813,0.15107920594021448,0.5717130900487516,0.47596497955474054,0.5717130699558012,-2.0092950414607458e-08,0.30215841188042897,0.3021584319733794,12
noncommuting_sweep,4,6,0.75,0.021264977483657903,0.17600103431460107,0.5604643903394053,0.4683670061481161,0.5604643836811616,-6.658243734136704e-09,0.35200206862920214,0.35200207528744587,10
noncommuting_sweep,4,6,0.875,0.022602829395776392,0.1728946445642563,0.5532837011096752,0.4619902674263238,0.5532836997590042,-1.3506710194732818e-09,0.3457892891285126,0.3457892904791836,8
noncommuting_sweep,4,6,1.0,0.022079345323390717,0.17459887197139357,0.5545454872666764,0.45871414306334324,0.5545454771222764,-1.0144399986700137e-08,0.34919774394278713,0.3491977540871871,10
noncommuting_sweep,4,7,0.0,2.7682422622389057e-17,1.9823818120883963e-16,0.8038679343908055,0.690024466964642,0.803867933727498,-6.633075200213057e-10,3.9647636241767926e-16,6.633079164976681e-10,1
noncommuting_sweep,4,7,0.125,0.0337518344363327,0.10858693038598806,0.7776459043157948,0.6640149463019446,0.7776459030818512,-1.2339436139541249e-09,0.21717386077197612,0.21717386200591973,6
noncommuting_sweep,4,7,0.25,0.04702906004683977,0.19809486003911358,0.7045431052950596,0.5961148806882346,0.7045431003402425,-4.954817112157173e-09,0.39618972007822717,0.3961897250330443,9
noncommuting_sweep,4,7,0.375,0.03960100725751084,0.2615894771852538,0.6001416092013598,0.5207572646232681,0.600141607539455,-1.6619048359700628e-09,0.5231789543705077,0.5231789560324125,25
noncommuting_sweep,4,7,0.5,0.03926802323850752,0.22125379484975286,0.5637899814134021,0.4883064226521522,0.5637899777698905,-3.6435116035349324e-09,0.4425075896995057,0.4425075933430173,13
noncommuting_sweep,4,7,0.625,0.0543056267215748,0.26425024110706613,0.6032581474383705,0.5019345055939806,0.6032581293426864,-1.8095684062302553e-08,0.5285004822141323,0.5285005003098163,11
noncommuting_sweep,4,7,0.75,0.06041776909085784,0.24819540084886454,0.6366306333355336,0.5277288664692255,0.6366306150207759,-1.8314757710413687e-08,0.4963908016977291,0.4963908200124868,7
noncommuting_sweep,4,7,0.875,0.05399517014305402,0.21999694153765423,0.6705504382700095,0.5599165379596394,0.6705504324948218,-5.775187661427594e-09,0.43999388307530846,0.4399938888504961,7
noncommuting_sweep,4,7,1.0,0.04293648346573167,0.17051079418037407,0.7169990793722929,0.603664012524774,0.7169990762472245,-3.1250684262573714e-09,0.34102158836074814,0.34102159148581657,5
