repetition,damage_fraction,window_length,method,roc_auc,accuracy
0,0.1,1,AOC full effect,0.5260833333333333,0.5175
0,0.1,1,AOC rank-1 witness,0.5236222222222222,0.5233333333333333
0,0.1,1,Oracle damage mode,0.5227861111111111,0.5241666666666667
0,0.1,1,Nearest covariance centroid,0.5283,0.5
0,0.1,1,Window-mean logistic,0.47855,0.49166666666666664
0,0.1,8,AOC full effect,0.5325388888888889,0.5308333333333334
0,0.1,8,AOC rank-1 witness,0.5203472222222222,0.5266666666666666
0,0.1,8,Oracle damage mode,0.5306805555555555,0.53
0,0.1,8,Nearest covariance centroid,0.5379166666666667,0.5
0,0.1,8,Window-mean logistic,0.4916888888888889,0.49083333333333334
0,0.1,32,AOC full effect,0.5005666666666666,0.505
0,0.1,32,AOC rank-1 witness,0.5819777777777778,0.5525
0,0.1,32,Oracle damage mode,0.5862916666666667,0.555
0,0.1,32,Nearest covariance centroid,0.5330722222222222,0.5
0,0.1,32,Window-mean logistic,0.48347222222222225,0.48333333333333334
0,0.1,128,AOC full effect,0.5674222222222223,0.5466666666666666
0,0.1,128,AOC rank-1 witness,0.698775,0.65
0,0.1,128,Oracle damage mode,0.6974888888888888,0.645
0,0.1,128,Nearest covariance centroid,0.629175,0.57
0,0.1,128,Window-mean logistic,0.5056111111111111,0.5275
0,0.2,1,AOC full effect,0.5091722222222221,0.49666666666666665
0,0.2,1,AOC rank-1 witness,0.5355805555555556,0.5216666666666666
0,0.2,1,Oracle damage mode,0.5315027777777779,0.5166666666666667
0,0.2,1,Nearest covariance centroid,0.5209944444444444,0.5066666666666667
0,0.2,1,Window-mean logistic,0.5094444444444445,0.4975
0,0.2,8,AOC full effect,0.5418888888888889,0.5266666666666666
0,0.2,8,AOC rank-1 witness,0.5830611111111111,0.5666666666666667
0,0.2,8,Oracle damage mode,0.597563888888889,0.585
0,0.2,8,Nearest covariance centroid,0.5759055555555556,0.5575
0,0.2,8,Window-mean logistic,0.4999833333333334,0.49166666666666664
0,0.2,32,AOC full effect,0.5667111111111112,0.5475
0,0.2,32,AOC rank-1 witness,0.7095055555555555,0.6583333333333333
0,0.2,32,Oracle damage mode,0.7171749999999999,0.66
0,0.2,32,Nearest covariance centroid,0.6874,0.6366666666666667
0,0.2,32,Window-mean logistic,0.48989444444444447,0.495
0,0.2,128,AOC full effect,0.6155944444444444,0.59
0,0.2,128,AOC rank-1 witness,0.8399305555555556,0.7675
0,0.2,128,Oracle damage mode,0.8456388888888888,0.7725
0,0.2,128,Nearest covariance centroid,0.809188888888889,0.745
0,0.2,128,Window-mean logistic,0.5101055555555556,0.51
0,0.35,1,AOC full effect,0.5391777777777778,0.5116666666666667
0,0.35,1,AOC rank-1 witness,0.5435861111111111,0.5341666666666667
0,0.35,1,Oracle damage mode,0.5417083333333333,0.5375
0,0.35,1,Nearest covariance centroid,0.5410083333333333,0.5325
0,0.35,1,Window-mean logistic,0.5142138888888889,0.5066666666666667
0,0.35,8,AOC full effect,0.620588888888889,0.5941666666666666
0,0.35,8,AOC rank-1 witness,0.6989666666666667,0.6408333333333334
0,0.35,8,Oracle damage mode,0.70105,0.65
0,0.35,8,Nearest covariance centroid,0.7013166666666666,0.6491666666666667
0,0.35,8,Window-mean logistic,0.4883972222222222,0.49916666666666665
0,0.35,32,AOC full effect,0.7269166666666667,0.6691666666666667
0,0.35,32,AOC rank-1 witness,0.8348527777777779,0.77
0,0.35,32,Oracle damage mode,0.8372694444444445,0.7658333333333334
0,0.35,32,Nearest covariance centroid,0.8275916666666665,0.7558333333333334
0,0.35,32,Window-mean logistic,0.5173333333333333,0.5225
0,0.35,128,AOC full effect,0.8595472222222221,0.785
0,0.35,128,AOC rank-1 witness,0.9762500000000001,0.9233333333333333
0,0.35,128,Oracle damage mode,0.9761972222222223,0.9208333333333333
0,0.35,128,Nearest covariance centroid,0.9710305555555555,0.9075
0,0.35,128,Window-mean logistic,0.5058416666666666,0.5091666666666667
0,0.5,1,AOC full effect,0.6101055555555555,0.5891666666666666
0,0.5,1,AOC rank-1 witness,0.6101055555555555,0.5891666666666666
0,0.5,1,Oracle damage mode,0.6095833333333334,0.5866666666666667
0,0.5,1,Nearest covariance centroid,0.6096805555555556,0.585
0,0.5,1,Window-mean logistic,0.49158888888888896,0.4925
0,0.5,8,AOC full effect,0.7695805555555555,0.7
0,0.5,8,AOC rank-1 witness,0.7695805555555555,0.7
0,0.5,8,Oracle damage mode,0.7696861111111111,0.6991666666666667
0,0.5,8,Nearest covariance centroid,0.7713527777777778,0.7058333333333333
0,0.5,8,Window-mean logistic,0.5121888888888889,0.5008333333333334
0,0.5,32,AOC full effect,0.934013888888889,0.865
0,0.5,32,AOC rank-1 witness,0.934013888888889,0.865
0,0.5,32,Oracle damage mode,0.9335388888888889,0.8666666666666667
0,0.5,32,Nearest covariance centroid,0.9333888888888888,0.8708333333333333
0,0.5,32,Window-mean logistic,0.4998333333333333,0.48833333333333334
0,0.5,128,AOC full effect,0.9998,0.9925
0,0.5,128,AOC rank-1 witness,0.9998,0.9925
0,0.5,128,Oracle damage mode,0.9998,0.9916666666666667
0,0.5,128,Nearest covariance centroid,0.9997277777777778,0.9908333333333333
0,0.5,128,Window-mean logistic,0.5149,0.5333333333333333
0,0.7,1,AOC full effect,0.6516222222222222,0.6166666666666667
0,0.7,1,AOC rank-1 witness,0.6516222222222222,0.6166666666666667
0,0.7,1,Oracle damage mode,0.6519277777777778,0.615
0,0.7,1,Nearest covariance centroid,0.6457777777777777,0.6125
0,0.7,1,Window-mean logistic,0.46146944444444443,0.4666666666666667
0,0.7,8,AOC full effect,0.9058833333333333,0.8266666666666667
0,0.7,8,AOC rank-1 witness,0.9058833333333333,0.8266666666666667
0,0.7,8,Oracle damage mode,0.9058361111111111,0.8266666666666667
0,0.7,8,Nearest covariance centroid,0.9045138888888888,0.8225
0,0.7,8,Window-mean logistic,0.50615,0.5058333333333334
0,0.7,32,AOC full effect,0.9944555555555555,0.9675
0,0.7,32,AOC rank-1 witness,0.9944555555555555,0.9675
0,0.7,32,Oracle damage mode,0.9943861111111111,0.9683333333333334
0,0.7,32,Nearest covariance centroid,0.9942944444444444,0.965
0,0.7,32,Window-mean logistic,0.5042611111111112,0.5125
0,0.7,128,AOC full effect,1.0,1.0
0,0.7,128,AOC rank-1 witness,1.0,1.0
0,0.7,128,Oracle damage mode,1.0,1.0
0,0.7,128,Nearest covariance centroid,1.0,1.0
0,0.7,128,Window-mean logistic,0.5109888888888889,0.5108333333333334
1,0.1,1,AOC full effect,0.5187638888888888,0.5033333333333333
1,0.1,1,AOC rank-1 witness,0.5373444444444444,0.5275
1,0.1,1,Oracle damage mode,0.5234138888888888,0.5225
1,0.1,1,Nearest covariance centroid,0.5350444444444444,0.5
1,0.1,1,Window-mean logistic,0.5078083333333334,0.49833333333333335
1,0.1,8,AOC full effect,0.49955555555555553,0.5041666666666667
1,0.1,8,AOC rank-1 witness,0.5665527777777777,0.5533333333333333
1,0.1,8,Oracle damage mode,0.5565055555555556,0.5425
1,0.1,8,Nearest covariance centroid,0.5453333333333333,0.5
1,0.1,8,Window-mean logistic,0.47963055555555556,0.4875
1,0.1,32,AOC full effect,0.49118055555555556,0.5025
1,0.1,32,AOC rank-1 witness,0.5710000000000001,0.54
1,0.1,32,Oracle damage mode,0.5720166666666666,0.5441666666666667
1,0.1,32,Nearest covariance centroid,0.5347916666666667,0.525
1,0.1,32,Window-mean logistic,0.48915555555555557,0.49166666666666664
1,0.1,128,AOC full effect,0.5716333333333334,0.5425
1,0.1,128,AOC rank-1 witness,0.678725,0.6208333333333333
1,0.1,128,Oracle damage mode,0.6938777777777778,0.635
1,0.1,128,Nearest covariance centroid,0.6421222222222223,0.6058333333333333
1,0.1,128,Window-mean logistic,0.5085555555555555,0.5033333333333333
1,0.2,1,AOC full effect,0.5379916666666666,0.48083333333333333
1,0.2,1,AOC rank-1 witness,0.5710361111111111,0.45666666666666667
1,0.2,1,Oracle damage mode,0.5753527777777778,0.5466666666666666
1,0.2,1,Nearest covariance centroid,0.5729527777777778,0.5
1,0.2,1,Window-mean logistic,0.50725,0.5091666666666667
1,0.2,8,AOC full effect,0.5191555555555556,0.5058333333333334
1,0.2,8,AOC rank-1 witness,0.6001916666666667,0.5808333333333333
1,0.2,8,Oracle damage mode,0.6023972222222223,0.5791666666666667
1,0.2,8,Nearest covariance centroid,0.5801000000000001,0.5491666666666667
1,0.2,8,Window-mean logistic,0.47167777777777775,0.49333333333333335
1,0.2,32,AOC full effect,0.5783833333333334,0.5616666666666666
1,0.2,32,AOC rank-1 witness,0.6829222222222222,0.6241666666666666
1,0.2,32,Oracle damage mode,0.6820361111111111,0.6225
1,0.2,32,Nearest covariance centroid,0.6716111111111112,0.6291666666666667
1,0.2,32,Window-mean logistic,0.49116666666666664,0.5041666666666667
1,0.2,128,AOC full effect,0.6316916666666667,0.5808333333333333
1,0.2,128,AOC rank-1 witness,0.8592222222222223,0.7716666666666666
1,0.2,128,Oracle damage mode,0.8621833333333333,0.7708333333333334
1,0.2,128,Nearest covariance centroid,0.833836111111111,0.7475
1,0.2,128,Window-mean logistic,0.5081666666666667,0.5091666666666667
1,0.35,1,AOC full effect,0.5504916666666667,0.4741666666666667
1,0.35,1,AOC rank-1 witness,0.5722888888888888,0.555
1,0.35,1,Oracle damage mode,0.5660611111111111,0.5433333333333333
1,0.35,1,Nearest covariance centroid,0.564875,0.5525
1,0.35,1,Window-mean logistic,0.5239055555555555,0.5216666666666666
1,0.35,8,AOC full effect,0.5967472222222222,0.5675
1,0.35,8,AOC rank-1 witness,0.6735472222222222,0.635
1,0.35,8,Oracle damage mode,0.6735333333333333,0.6291666666666667
1,0.35,8,Nearest covariance centroid,0.6666944444444445,0.6316666666666667
1,0.35,8,Window-mean logistic,0.49483611111111114,0.5108333333333334
1,0.35,32,AOC full effect,0.7018611111111112,0.6441666666666667
1,0.35,32,AOC rank-1 witness,0.8387166666666666,0.7558333333333334
1,0.35,32,Oracle damage mode,0.8399944444444445,0.7566666666666667
1,0.35,32,Nearest covariance centroid,0.8306694444444446,0.7483333333333333
1,0.35,32,Window-mean logistic,0.4940361111111111,0.5
1,0.35,128,AOC full effect,0.8567694444444445,0.7691666666666667
1,0.35,128,AOC rank-1 witness,0.9745277777777778,0.9058333333333334
1,0.35,128,Oracle damage mode,0.9754805555555556,0.9108333333333334
1,0.35,128,Nearest covariance centroid,0.9704944444444445,0.9008333333333334
1,0.35,128,Window-mean logistic,0.47268611111111114,0.4675
1,0.5,1,AOC full effect,0.5805638888888889,0.5591666666666667
1,0.5,1,AOC rank-1 witness,0.5805638888888889,0.5591666666666667
1,0.5,1,Oracle damage mode,0.5800861111111111,0.5575
1,0.5,1,Nearest covariance centroid,0.5862555555555555,0.5583333333333333
1,0.5,1,Window-mean logistic,0.5205166666666666,0.5241666666666667
1,0.5,8,AOC full effect,0.7842,0.7033333333333334
1,0.5,8,AOC rank-1 witness,0.7842,0.7033333333333334
1,0.5,8,Oracle damage mode,0.7862083333333333,0.7058333333333333
1,0.5,8,Nearest covariance centroid,0.7798138888888888,0.7
1,0.5,8,Window-mean logistic,0.49388055555555554,0.48583333333333334
1,0.5,32,AOC full effect,0.9442750000000001,0.8725
1,0.5,32,AOC rank-1 witness,0.9442750000000001,0.8725
1,0.5,32,Oracle damage mode,0.9442305555555555,0.875
1,0.5,32,Nearest covariance centroid,0.9415138888888889,0.8716666666666667
1,0.5,32,Window-mean logistic,0.5012222222222222,0.5016666666666667
1,0.5,128,AOC full effect,0.9982722222222221,0.9766666666666667
1,0.5,128,AOC rank-1 witness,0.9982722222222221,0.9766666666666667
1,0.5,128,Oracle damage mode,0.9982416666666667,0.9783333333333334
1,0.5,128,Nearest covariance centroid,0.9983000000000001,0.9783333333333334
1,0.5,128,Window-mean logistic,0.4773305555555556,0.4841666666666667
1,0.7,1,AOC full effect,0.6485805555555556,0.615
1,0.7,1,AOC rank-1 witness,0.6485805555555556,0.615
1,0.7,1,Oracle damage mode,0.6493222222222221,0.6158333333333333
1,0.7,1,Nearest covariance centroid,0.6476805555555556,0.6158333333333333
1,0.7,1,Window-mean logistic,0.48682777777777775,0.4891666666666667
1,0.7,8,AOC full effect,0.9105194444444443,0.8325
1,0.7,8,AOC rank-1 witness,0.9105194444444443,0.8325
1,0.7,8,Oracle damage mode,0.9107777777777777,0.8333333333333334
1,0.7,8,Nearest covariance centroid,0.9087000000000001,0.8283333333333334
1,0.7,8,Window-mean logistic,0.4882222222222222,0.4725
1,0.7,32,AOC full effect,0.9933694444444443,0.9633333333333334
1,0.7,32,AOC rank-1 witness,0.9933694444444443,0.9633333333333334
1,0.7,32,Oracle damage mode,0.9934000000000001,0.9616666666666667
1,0.7,32,Nearest covariance centroid,0.9930166666666667,0.9583333333333334
1,0.7,32,Window-mean logistic,0.5026916666666666,0.505
1,0.7,128,AOC full effect,1.0,1.0
1,0.7,128,AOC rank-1 witness,1.0,1.0
1,0.7,128,Oracle damage mode,1.0,1.0
1,0.7,128,Nearest covariance centroid,1.0,1.0
1,0.7,128,Window-mean logistic,0.5160611111111111,0.51
2,0.1,1,AOC full effect,0.5221555555555556,0.52
2,0.1,1,AOC rank-1 witness,0.5015416666666668,0.5058333333333334
2,0.1,1,Oracle damage mode,0.500025,0.5041666666666667
2,0.1,1,Nearest covariance centroid,0.5193833333333333,0.5
2,0.1,1,Window-mean logistic,0.5129611111111111,0.505
2,0.1,8,AOC full effect,0.48244444444444445,0.4691666666666667
2,0.1,8,AOC rank-1 witness,0.5130027777777778,0.5075
2,0.1,8,Oracle damage mode,0.5237361111111111,0.525
2,0.1,8,Nearest covariance centroid,0.4858555555555555,0.5
2,0.1,8,Window-mean logistic,0.48443888888888886,0.4975
2,0.1,32,AOC full effect,0.5218722222222222,0.5091666666666667
2,0.1,32,AOC rank-1 witness,0.5947472222222222,0.5575
2,0.1,32,Oracle damage mode,0.6216444444444446,0.5925
2,0.1,32,Nearest covariance centroid,0.57155,0.5
2,0.1,32,Window-mean logistic,0.49605000000000005,0.4975
2,0.1,128,AOC full effect,0.541525,0.5216666666666666
2,0.1,128,AOC rank-1 witness,0.661875,0.6083333333333333
2,0.1,128,Oracle damage mode,0.6914388888888889,0.6375
2,0.1,128,Nearest covariance centroid,0.6297333333333334,0.5941666666666666
2,0.1,128,Window-mean logistic,0.49701388888888887,0.505
2,0.2,1,AOC full effect,0.5122833333333333,0.4875
2,0.2,1,AOC rank-1 witness,0.5021527777777778,0.4925
2,0.2,1,Oracle damage mode,0.5019388888888889,0.48333333333333334
2,0.2,1,Nearest covariance centroid,0.5006305555555556,0.5
2,0.2,1,Window-mean logistic,0.507325,0.5075
2,0.2,8,AOC full effect,0.5543555555555556,0.5333333333333333
2,0.2,8,AOC rank-1 witness,0.5962666666666667,0.57
2,0.2,8,Oracle damage mode,0.6043166666666667,0.5691666666666667
2,0.2,8,Nearest covariance centroid,0.5920694444444444,0.5783333333333334
2,0.2,8,Window-mean logistic,0.5106777777777778,0.5133333333333333
2,0.2,32,AOC full effect,0.5828833333333333,0.56
2,0.2,32,AOC rank-1 witness,0.6860055555555555,0.63
2,0.2,32,Oracle damage mode,0.68815,0.6316666666666667
2,0.2,32,Nearest covariance centroid,0.6715722222222222,0.6083333333333333
2,0.2,32,Window-mean logistic,0.49970833333333337,0.5091666666666667
2,0.2,128,AOC full effect,0.6857722222222222,0.6341666666666667
2,0.2,128,AOC rank-1 witness,0.8353916666666668,0.7533333333333333
2,0.2,128,Oracle damage mode,0.8427166666666666,0.76
2,0.2,128,Nearest covariance centroid,0.8199166666666665,0.7458333333333333
2,0.2,128,Window-mean logistic,0.4786666666666667,0.4816666666666667
2,0.35,1,AOC full effect,0.5488305555555555,0.525
2,0.35,1,AOC rank-1 witness,0.5599027777777777,0.5416666666666666
2,0.35,1,Oracle damage mode,0.5608388888888889,0.5491666666666667
2,0.35,1,Nearest covariance centroid,0.5547249999999999,0.54
2,0.35,1,Window-mean logistic,0.5247166666666666,0.5208333333333334
2,0.35,8,AOC full effect,0.6139527777777778,0.5875
2,0.35,8,AOC rank-1 witness,0.701225,0.645
2,0.35,8,Oracle damage mode,0.7019611111111111,0.6516666666666666
2,0.35,8,Nearest covariance centroid,0.6912277777777778,0.6325
2,0.35,8,Window-mean logistic,0.49671111111111116,0.49083333333333334
2,0.35,32,AOC full effect,0.7096805555555555,0.6508333333333334
2,0.35,32,AOC rank-1 witness,0.8298916666666667,0.7575
2,0.35,32,Oracle damage mode,0.8295916666666666,0.765
2,0.35,32,Nearest covariance centroid,0.8266083333333333,0.7541666666666667
2,0.35,32,Window-mean logistic,0.47896666666666665,0.49083333333333334
2,0.35,128,AOC full effect,0.8705666666666666,0.7925
2,0.35,128,AOC rank-1 witness,0.9785,0.9233333333333333
2,0.35,128,Oracle damage mode,0.9797277777777778,0.9241666666666667
2,0.35,128,Nearest covariance centroid,0.9756416666666667,0.9116666666666666
2,0.35,128,Window-mean logistic,0.4935055555555556,0.5025
2,0.5,1,AOC full effect,0.5933,0.5566666666666666
2,0.5,1,AOC rank-1 witness,0.5933,0.5566666666666666
2,0.5,1,Oracle damage mode,0.5934166666666667,0.5558333333333333
2,0.5,1,Nearest covariance centroid,0.5893694444444444,0.5583333333333333
2,0.5,1,Window-mean logistic,0.5238527777777777,0.5208333333333334
2,0.5,8,AOC full effect,0.7912361111111111,0.7258333333333333
2,0.5,8,AOC rank-1 witness,0.7912361111111111,0.7258333333333333
2,0.5,8,Oracle damage mode,0.7923055555555556,0.7283333333333334
2,0.5,8,Nearest covariance centroid,0.7907888888888888,0.7216666666666667
2,0.5,8,Window-mean logistic,0.4802277777777778,0.48083333333333333
2,0.5,32,AOC full effect,0.9375027777777777,0.8683333333333333
2,0.5,32,AOC rank-1 witness,0.9375027777777777,0.8683333333333333
2,0.5,32,Oracle damage mode,0.9377666666666666,0.87
2,0.5,32,Nearest covariance centroid,0.9332750000000001,0.8583333333333333
2,0.5,32,Window-mean logistic,0.5130722222222223,0.5158333333333334
2,0.5,128,AOC full effect,0.99925,0.9841666666666666
2,0.5,128,AOC rank-1 witness,0.99925,0.9841666666666666
2,0.5,128,Oracle damage mode,0.9992777777777778,0.9825
2,0.5,128,Nearest covariance centroid,0.9990055555555555,0.9866666666666667
2,0.5,128,Window-mean logistic,0.48085,0.4875
2,0.7,1,AOC full effect,0.6794805555555555,0.6408333333333334
2,0.7,1,AOC rank-1 witness,0.6794805555555555,0.6408333333333334
2,0.7,1,Oracle damage mode,0.6790611111111111,0.6391666666666667
2,0.7,1,Nearest covariance centroid,0.6784916666666667,0.6391666666666667
2,0.7,1,Window-mean logistic,0.5116916666666667,0.5175
2,0.7,8,AOC full effect,0.8954472222222222,0.8158333333333333
2,0.7,8,AOC rank-1 witness,0.8954472222222222,0.8158333333333333
2,0.7,8,Oracle damage mode,0.8953972222222221,0.8108333333333333
2,0.7,8,Nearest covariance centroid,0.8948944444444444,0.8158333333333333
2,0.7,8,Window-mean logistic,0.4999972222222222,0.5058333333333334
2,0.7,32,AOC full effect,0.9951305555555555,0.9616666666666667
2,0.7,32,AOC rank-1 witness,0.9951305555555555,0.9616666666666667
2,0.7,32,Oracle damage mode,0.9951305555555556,0.9641666666666666
2,0.7,32,Nearest covariance centroid,0.9952555555555556,0.96
2,0.7,32,Window-mean logistic,0.4911611111111111,0.49333333333333335
2,0.7,128,AOC full effect,1.0,0.9983333333333333
2,0.7,128,AOC rank-1 witness,1.0,0.9983333333333333
2,0.7,128,Oracle damage mode,1.0,0.9983333333333333
2,0.7,128,Nearest covariance centroid,1.0,0.9983333333333333
2,0.7,128,Window-mean logistic,0.5202083333333333,0.5133333333333333
3,0.1,1,AOC full effect,0.4819027777777778,0.5308333333333334
3,0.1,1,AOC rank-1 witness,0.4927083333333333,0.4925
3,0.1,1,Oracle damage mode,0.49352222222222225,0.5033333333333333
3,0.1,1,Nearest covariance centroid,0.48155277777777783,0.5
3,0.1,1,Window-mean logistic,0.517638888888889,0.495
3,0.1,8,AOC full effect,0.5041388888888889,0.49416666666666664
3,0.1,8,AOC rank-1 witness,0.5432833333333333,0.5283333333333333
3,0.1,8,Oracle damage mode,0.5648583333333334,0.5375
3,0.1,8,Nearest covariance centroid,0.5223416666666667,0.5
3,0.1,8,Window-mean logistic,0.49679999999999996,0.4866666666666667
3,0.1,32,AOC full effect,0.5580416666666667,0.5
3,0.1,32,AOC rank-1 witness,0.5475444444444444,0.55
3,0.1,32,Oracle damage mode,0.5794,0.5625
3,0.1,32,Nearest covariance centroid,0.5544611111111111,0.5
3,0.1,32,Window-mean logistic,0.506875,0.49916666666666665
3,0.1,128,AOC full effect,0.5736861111111111,0.54
3,0.1,128,AOC rank-1 witness,0.6743277777777777,0.6283333333333333
3,0.1,128,Oracle damage mode,0.7039666666666666,0.6475
3,0.1,128,Nearest covariance centroid,0.6439916666666667,0.6025
3,0.1,128,Window-mean logistic,0.4880638888888889,0.4816666666666667
3,0.2,1,AOC full effect,0.4966833333333333,0.49166666666666664
3,0.2,1,AOC rank-1 witness,0.5493666666666667,0.5333333333333333
3,0.2,1,Oracle damage mode,0.5395611111111112,0.54
3,0.2,1,Nearest covariance centroid,0.5309833333333334,0.5
3,0.2,1,Window-mean logistic,0.4824805555555556,0.48083333333333333
3,0.2,8,AOC full effect,0.5146777777777778,0.5033333333333333
3,0.2,8,AOC rank-1 witness,0.5944722222222222,0.5675
3,0.2,8,Oracle damage mode,0.591575,0.5666666666666667
3,0.2,8,Nearest covariance centroid,0.5764027777777778,0.5375
3,0.2,8,Window-mean logistic,0.5212527777777778,0.5141666666666667
3,0.2,32,AOC full effect,0.5738027777777778,0.55
3,0.2,32,AOC rank-1 witness,0.6839111111111111,0.6158333333333333
3,0.2,32,Oracle damage mode,0.6952861111111113,0.625
3,0.2,32,Nearest covariance centroid,0.6704583333333334,0.6
3,0.2,32,Window-mean logistic,0.5043027777777778,0.5033333333333333
3,0.2,128,AOC full effect,0.6694416666666667,0.6241666666666666
3,0.2,128,AOC rank-1 witness,0.8414722222222222,0.7625
3,0.2,128,Oracle damage mode,0.8482638888888888,0.775
3,0.2,128,Nearest covariance centroid,0.8307055555555557,0.7525
3,0.2,128,Window-mean logistic,0.4893083333333333,0.4875
3,0.35,1,AOC full effect,0.5597694444444444,0.5475
3,0.35,1,AOC rank-1 witness,0.5895388888888888,0.5575
3,0.35,1,Oracle damage mode,0.5934333333333334,0.5616666666666666
3,0.35,1,Nearest covariance centroid,0.5742833333333333,0.5491666666666667
3,0.35,1,Window-mean logistic,0.46296111111111116,0.47
3,0.35,8,AOC full effect,0.656086111111111,0.6191666666666666
3,0.35,8,AOC rank-1 witness,0.7001944444444443,0.6433333333333333
3,0.35,8,Oracle damage mode,0.700336111111111,0.6416666666666667
3,0.35,8,Nearest covariance centroid,0.6947222222222222,0.6325
3,0.35,8,Window-mean logistic,0.47958888888888895,0.4891666666666667
3,0.35,32,AOC full effect,0.7430527777777778,0.6675
3,0.35,32,AOC rank-1 witness,0.824025,0.7591666666666667
3,0.35,32,Oracle damage mode,0.8264027777777777,0.7516666666666667
3,0.35,32,Nearest covariance centroid,0.8123027777777778,0.7408333333333333
3,0.35,32,Window-mean logistic,0.49692222222222227,0.49833333333333335
3,0.35,128,AOC full effect,0.9154305555555555,0.8283333333333334
3,0.35,128,AOC rank-1 witness,0.9781083333333332,0.9175
3,0.35,128,Oracle damage mode,0.9784166666666667,0.915
3,0.35,128,Nearest covariance centroid,0.9730638888888888,0.9083333333333333
3,0.35,128,Window-mean logistic,0.5257333333333334,0.5216666666666666
3,0.5,1,AOC full effect,0.5712888888888888,0.5558333333333333
3,0.5,1,AOC rank-1 witness,0.5712888888888888,0.5558333333333333
3,0.5,1,Oracle damage mode,0.5736861111111111,0.5508333333333333
3,0.5,1,Nearest covariance centroid,0.5772138888888889,0.55
3,0.5,1,Window-mean logistic,0.47729444444444447,0.48333333333333334
3,0.5,8,AOC full effect,0.7762583333333333,0.7025
3,0.5,8,AOC rank-1 witness,0.7762583333333333,0.7025
3,0.5,8,Oracle damage mode,0.7783027777777778,0.7033333333333334
3,0.5,8,Nearest covariance centroid,0.777475,0.7016666666666667
3,0.5,8,Window-mean logistic,0.5205138888888889,0.515
3,0.5,32,AOC full effect,0.9354805555555554,0.8566666666666667
3,0.5,32,AOC rank-1 witness,0.9354805555555554,0.8566666666666667
3,0.5,32,Oracle damage mode,0.9353944444444443,0.8516666666666667
3,0.5,32,Nearest covariance centroid,0.9353333333333332,0.8566666666666667
3,0.5,32,Window-mean logistic,0.49725277777777777,0.49416666666666664
3,0.5,128,AOC full effect,0.9987444444444444,0.985
3,0.5,128,AOC rank-1 witness,0.9987444444444444,0.985
3,0.5,128,Oracle damage mode,0.9987722222222222,0.9841666666666666
3,0.5,128,Nearest covariance centroid,0.998688888888889,0.9841666666666666
3,0.5,128,Window-mean logistic,0.5021388888888889,0.49916666666666665
3,0.7,1,AOC full effect,0.6726527777777779,0.6325
3,0.7,1,AOC rank-1 witness,0.6726527777777779,0.6325
3,0.7,1,Oracle damage mode,0.6732055555555556,0.6341666666666667
3,0.7,1,Nearest covariance centroid,0.6702222222222222,0.6341666666666667
3,0.7,1,Window-mean logistic,0.4932055555555555,0.505
3,0.7,8,AOC full effect,0.897611111111111,0.8191666666666667
3,0.7,8,AOC rank-1 witness,0.897611111111111,0.8191666666666667
3,0.7,8,Oracle damage mode,0.8975555555555557,0.8208333333333333
3,0.7,8,Nearest covariance centroid,0.8981888888888888,0.8141666666666667
3,0.7,8,Window-mean logistic,0.497925,0.5083333333333333
3,0.7,32,AOC full effect,0.99395,0.9641666666666666
3,0.7,32,AOC rank-1 witness,0.99395,0.9641666666666666
3,0.7,32,Oracle damage mode,0.9940694444444444,0.9691666666666666
3,0.7,32,Nearest covariance centroid,0.9942277777777778,0.9666666666666667
3,0.7,32,Window-mean logistic,0.5102638888888889,0.5091666666666667
3,0.7,128,AOC full effect,1.0,1.0
3,0.7,128,AOC rank-1 witness,1.0,1.0
3,0.7,128,Oracle damage mode,1.0,1.0
3,0.7,128,Nearest covariance centroid,1.0,1.0
3,0.7,128,Window-mean logistic,0.5031527777777778,0.5075
4,0.1,1,AOC full effect,0.5023027777777778,0.5
4,0.1,1,AOC rank-1 witness,0.5051611111111112,0.4975
4,0.1,1,Oracle damage mode,0.5087694444444444,0.5016666666666667
4,0.1,1,Nearest covariance centroid,0.5105722222222222,0.5
4,0.1,1,Window-mean logistic,0.48058055555555557,0.4975
4,0.1,8,AOC full effect,0.49008333333333337,0.49666666666666665
4,0.1,8,AOC rank-1 witness,0.5498111111111111,0.5158333333333334
4,0.1,8,Oracle damage mode,0.5673583333333334,0.5441666666666667
4,0.1,8,Nearest covariance centroid,0.5195944444444445,0.5
4,0.1,8,Window-mean logistic,0.5304166666666666,0.5316666666666666
4,0.1,32,AOC full effect,0.5386583333333334,0.5275
4,0.1,32,AOC rank-1 witness,0.5928194444444443,0.5691666666666667
4,0.1,32,Oracle damage mode,0.5902777777777778,0.565
4,0.1,32,Nearest covariance centroid,0.5707972222222222,0.5
4,0.1,32,Window-mean logistic,0.5033722222222222,0.5033333333333333
4,0.1,128,AOC full effect,0.5457361111111111,0.5433333333333333
4,0.1,128,AOC rank-1 witness,0.6608638888888889,0.605
4,0.1,128,Oracle damage mode,0.6756888888888888,0.625
4,0.1,128,Nearest covariance centroid,0.6151666666666666,0.5808333333333333
4,0.1,128,Window-mean logistic,0.5009750000000001,0.5025
4,0.2,1,AOC full effect,0.4589472222222223,0.48333333333333334
4,0.2,1,AOC rank-1 witness,0.5224833333333334,0.4891666666666667
4,0.2,1,Oracle damage mode,0.5206055555555555,0.4925
4,0.2,1,Nearest covariance centroid,0.48093611111111106,0.5
4,0.2,1,Window-mean logistic,0.4821888888888889,0.48083333333333333
4,0.2,8,AOC full effect,0.5760472222222223,0.5475
4,0.2,8,AOC rank-1 witness,0.6036888888888889,0.5758333333333333
4,0.2,8,Oracle damage mode,0.6064777777777778,0.5766666666666667
4,0.2,8,Nearest covariance centroid,0.6057444444444444,0.5875
4,0.2,8,Window-mean logistic,0.47301111111111116,0.4725
4,0.2,32,AOC full effect,0.5800138888888889,0.5516666666666666
4,0.2,32,AOC rank-1 witness,0.6810027777777777,0.6433333333333333
4,0.2,32,Oracle damage mode,0.6790305555555557,0.645
4,0.2,32,Nearest covariance centroid,0.6726416666666666,0.6175
4,0.2,32,Window-mean logistic,0.48973055555555556,0.495
4,0.2,128,AOC full effect,0.6687250000000001,0.6275
4,0.2,128,AOC rank-1 witness,0.8429361111111111,0.7658333333333334
4,0.2,128,Oracle damage mode,0.8476138888888889,0.7733333333333333
4,0.2,128,Nearest covariance centroid,0.822813888888889,0.7425
4,0.2,128,Window-mean logistic,0.5291861111111111,0.5183333333333333
4,0.35,1,AOC full effect,0.5299527777777778,0.52
4,0.35,1,AOC rank-1 witness,0.5299527777777778,0.52
4,0.35,1,Oracle damage mode,0.5304583333333334,0.5216666666666666
4,0.35,1,Nearest covariance centroid,0.5293777777777777,0.5183333333333333
4,0.35,1,Window-mean logistic,0.5074722222222223,0.5008333333333334
4,0.35,8,AOC full effect,0.6880305555555555,0.6275
4,0.35,8,AOC rank-1 witness,0.6880305555555555,0.6275
4,0.35,8,Oracle damage mode,0.688188888888889,0.6325
4,0.35,8,Nearest covariance centroid,0.6828166666666666,0.6325
4,0.35,8,Window-mean logistic,0.4639305555555556,0.465
4,0.35,32,AOC full effect,0.8314583333333333,0.7458333333333333
4,0.35,32,AOC rank-1 witness,0.8314583333333333,0.7458333333333333
4,0.35,32,Oracle damage mode,0.8333305555555556,0.7433333333333333
4,0.35,32,Nearest covariance centroid,0.8254444444444444,0.7441666666666666
4,0.35,32,Window-mean logistic,0.49178888888888894,0.49083333333333334
4,0.35,128,AOC full effect,0.9758138888888888,0.9225
4,0.35,128,AOC rank-1 witness,0.9758138888888888,0.9225
4,0.35,128,Oracle damage mode,0.9760888888888889,0.9241666666666667
4,0.35,128,Nearest covariance centroid,0.9733722222222222,0.9158333333333334
4,0.35,128,Window-mean logistic,0.47461944444444437,0.48583333333333334
4,0.5,1,AOC full effect,0.5904944444444444,0.5658333333333333
4,0.5,1,AOC rank-1 witness,0.5904944444444444,0.5658333333333333
4,0.5,1,Oracle damage mode,0.5889861111111112,0.5658333333333333
4,0.5,1,Nearest covariance centroid,0.5827555555555555,0.5625
4,0.5,1,Window-mean logistic,0.48915555555555557,0.4841666666666667
4,0.5,8,AOC full effect,0.7550250000000001,0.6883333333333334
4,0.5,8,AOC rank-1 witness,0.7550250000000001,0.6883333333333334
4,0.5,8,Oracle damage mode,0.7555138888888888,0.6908333333333333
4,0.5,8,Nearest covariance centroid,0.755475,0.6941666666666667
4,0.5,8,Window-mean logistic,0.5259805555555555,0.52
4,0.5,32,AOC full effect,0.9356055555555555,0.8658333333333333
4,0.5,32,AOC rank-1 witness,0.9356055555555555,0.8658333333333333
4,0.5,32,Oracle damage mode,0.9357777777777778,0.8666666666666667
4,0.5,32,Nearest covariance centroid,0.9341583333333333,0.8675
4,0.5,32,Window-mean logistic,0.5088944444444444,0.5116666666666667
4,0.5,128,AOC full effect,0.9990472222222222,0.9825
4,0.5,128,AOC rank-1 witness,0.9990472222222222,0.9825
4,0.5,128,Oracle damage mode,0.9990555555555556,0.9808333333333333
4,0.5,128,Nearest covariance centroid,0.9989611111111112,0.98
4,0.5,128,Window-mean logistic,0.4964833333333333,0.505
4,0.7,1,AOC full effect,0.6576555555555555,0.6275
4,0.7,1,AOC rank-1 witness,0.6576555555555555,0.6275
4,0.7,1,Oracle damage mode,0.6578416666666667,0.625
4,0.7,1,Nearest covariance centroid,0.6564083333333334,0.6258333333333334
4,0.7,1,Window-mean logistic,0.5132833333333333,0.5083333333333333
4,0.7,8,AOC full effect,0.88395,0.805
4,0.7,8,AOC rank-1 witness,0.88395,0.805
4,0.7,8,Oracle damage mode,0.8840111111111111,0.8016666666666666
4,0.7,8,Nearest covariance centroid,0.8826972222222222,0.8008333333333333
4,0.7,8,Window-mean logistic,0.5170694444444445,0.515
4,0.7,32,AOC full effect,0.9939777777777778,0.9591666666666666
4,0.7,32,AOC rank-1 witness,0.9939777777777778,0.9591666666666666
4,0.7,32,Oracle damage mode,0.9940833333333333,0.9575
4,0.7,32,Nearest covariance centroid,0.9939305555555555,0.9566666666666667
4,0.7,32,Window-mean logistic,0.48264444444444443,0.485
4,0.7,128,AOC full effect,1.0,1.0
4,0.7,128,AOC rank-1 witness,1.0,1.0
4,0.7,128,Oracle damage mode,1.0,1.0
4,0.7,128,Nearest covariance centroid,1.0,1.0
4,0.7,128,Window-mean logistic,0.5099583333333333,0.5166666666666667
5,0.1,1,AOC full effect,0.49898333333333333,0.4975
5,0.1,1,AOC rank-1 witness,0.5119083333333333,0.49
5,0.1,1,Oracle damage mode,0.5148250000000001,0.5033333333333333
5,0.1,1,Nearest covariance centroid,0.5137527777777778,0.5
5,0.1,1,Window-mean logistic,0.49325555555555556,0.49666666666666665
5,0.1,8,AOC full effect,0.5082944444444445,0.49583333333333335
5,0.1,8,AOC rank-1 witness,0.503625,0.5041666666666667
5,0.1,8,Oracle damage mode,0.5228805555555556,0.49583333333333335
5,0.1,8,Nearest covariance centroid,0.5054861111111111,0.5
5,0.1,8,Window-mean logistic,0.5001444444444444,0.5058333333333334
5,0.1,32,AOC full effect,0.5403333333333333,0.5375
5,0.1,32,AOC rank-1 witness,0.5671194444444445,0.5475
5,0.1,32,Oracle damage mode,0.6051722222222222,0.5716666666666667
5,0.1,32,Nearest covariance centroid,0.5417944444444445,0.5
5,0.1,32,Window-mean logistic,0.4985527777777778,0.5025
5,0.1,128,AOC full effect,0.53335,0.5241666666666667
5,0.1,128,AOC rank-1 witness,0.6023333333333333,0.57
5,0.1,128,Oracle damage mode,0.6933972222222223,0.6275
5,0.1,128,Nearest covariance centroid,0.5588722222222222,0.5
5,0.1,128,Window-mean logistic,0.47335000000000005,0.4816666666666667
5,0.2,1,AOC full effect,0.5060083333333334,0.5033333333333333
5,0.2,1,AOC rank-1 witness,0.5373861111111111,0.5308333333333334
5,0.2,1,Oracle damage mode,0.5429694444444444,0.525
5,0.2,1,Nearest covariance centroid,0.5230555555555556,0.5
5,0.2,1,Window-mean logistic,0.5339638888888889,0.5333333333333333
5,0.2,8,AOC full effect,0.5240388888888889,0.51
5,0.2,8,AOC rank-1 witness,0.5643361111111111,0.5491666666666667
5,0.2,8,Oracle damage mode,0.5705472222222222,0.5483333333333333
5,0.2,8,Nearest covariance centroid,0.5619888888888889,0.545
5,0.2,8,Window-mean logistic,0.48139722222222225,0.4791666666666667
5,0.2,32,AOC full effect,0.5677472222222222,0.5466666666666666
5,0.2,32,AOC rank-1 witness,0.705475,0.6458333333333334
5,0.2,32,Oracle damage mode,0.7056361111111111,0.645
5,0.2,32,Nearest covariance centroid,0.6837527777777778,0.6166666666666667
5,0.2,32,Window-mean logistic,0.4822361111111111,0.4891666666666667
5,0.2,128,AOC full effect,0.6554722222222221,0.615
5,0.2,128,AOC rank-1 witness,0.8570944444444444,0.7725
5,0.2,128,Oracle damage mode,0.8600666666666666,0.775
5,0.2,128,Nearest covariance centroid,0.8287361111111111,0.7558333333333334
5,0.2,128,Window-mean logistic,0.5311166666666667,0.5316666666666666
5,0.35,1,AOC full effect,0.5267499999999999,0.5216666666666666
5,0.35,1,AOC rank-1 witness,0.5602916666666666,0.5416666666666666
5,0.35,1,Oracle damage mode,0.5616305555555555,0.5458333333333333
5,0.35,1,Nearest covariance centroid,0.5537527777777778,0.5
5,0.35,1,Window-mean logistic,0.49687222222222227,0.49083333333333334
5,0.35,8,AOC full effect,0.6551111111111111,0.6183333333333333
5,0.35,8,AOC rank-1 witness,0.7164194444444445,0.6525
5,0.35,8,Oracle damage mode,0.7154833333333334,0.6433333333333333
5,0.35,8,Nearest covariance centroid,0.710438888888889,0.6441666666666667
5,0.35,8,Window-mean logistic,0.4922416666666667,0.49333333333333335
5,0.35,32,AOC full effect,0.7610527777777778,0.7016666666666667
5,0.35,32,AOC rank-1 witness,0.8367805555555556,0.7375
5,0.35,32,Oracle damage mode,0.8398722222222221,0.7475
5,0.35,32,Nearest covariance centroid,0.826275,0.7383333333333333
5,0.35,32,Window-mean logistic,0.5215027777777778,0.5125
5,0.35,128,AOC full effect,0.9122277777777777,0.8475
5,0.35,128,AOC rank-1 witness,0.9740388888888888,0.9175
5,0.35,128,Oracle damage mode,0.9744972222222221,0.9191666666666667
5,0.35,128,Nearest covariance centroid,0.9702722222222222,0.9108333333333334
5,0.35,128,Window-mean logistic,0.5000722222222223,0.485
5,0.5,1,AOC full effect,0.6029694444444444,0.5708333333333333
5,0.5,1,AOC rank-1 witness,0.6029694444444444,0.5708333333333333
5,0.5,1,Oracle damage mode,0.6042833333333334,0.575
5,0.5,1,Nearest covariance centroid,0.6002805555555555,0.5766666666666667
5,0.5,1,Window-mean logistic,0.4733055555555556,0.4741666666666667
5,0.5,8,AOC full effect,0.7845361111111112,0.7083333333333334
5,0.5,8,AOC rank-1 witness,0.7845361111111112,0.7083333333333334
5,0.5,8,Oracle damage mode,0.784413888888889,0.7041666666666667
5,0.5,8,Nearest covariance centroid,0.7873388888888889,0.7058333333333333
5,0.5,8,Window-mean logistic,0.4880527777777778,0.4866666666666667
5,0.5,32,AOC full effect,0.9326888888888889,0.8541666666666666
5,0.5,32,AOC rank-1 witness,0.9326888888888889,0.8541666666666666
5,0.5,32,Oracle damage mode,0.9322916666666667,0.8491666666666666
5,0.5,32,Nearest covariance centroid,0.9309999999999999,0.8516666666666667
5,0.5,32,Window-mean logistic,0.4952416666666667,0.5025
5,0.5,128,AOC full effect,0.9992055555555556,0.9875
5,0.5,128,AOC rank-1 witness,0.9992055555555556,0.9875
5,0.5,128,Oracle damage mode,0.9992611111111112,0.9875
5,0.5,128,Nearest covariance centroid,0.9991861111111111,0.9866666666666667
5,0.5,128,Window-mean logistic,0.47800833333333337,0.4866666666666667
5,0.7,1,AOC full effect,0.6369750000000001,0.6183333333333333
5,0.7,1,AOC rank-1 witness,0.6369750000000001,0.6183333333333333
5,0.7,1,Oracle damage mode,0.6366666666666667,0.6133333333333333
5,0.7,1,Nearest covariance centroid,0.6440444444444444,0.6166666666666667
5,0.7,1,Window-mean logistic,0.4616166666666667,0.4666666666666667
5,0.7,8,AOC full effect,0.8996527777777779,0.8166666666666667
5,0.7,8,AOC rank-1 witness,0.8996527777777779,0.8166666666666667
5,0.7,8,Oracle damage mode,0.8994138888888888,0.8175
5,0.7,8,Nearest covariance centroid,0.8996138888888888,0.8183333333333334
5,0.7,8,Window-mean logistic,0.5033638888888889,0.49416666666666664
5,0.7,32,AOC full effect,0.9965222222222222,0.9683333333333334
5,0.7,32,AOC rank-1 witness,0.9965222222222222,0.9683333333333334
5,0.7,32,Oracle damage mode,0.9964777777777778,0.9708333333333333
5,0.7,32,Nearest covariance centroid,0.9966722222222222,0.9691666666666666
5,0.7,32,Window-mean logistic,0.49175833333333335,0.4891666666666667
5,0.7,128,AOC full effect,1.0,1.0
5,0.7,128,AOC rank-1 witness,1.0,1.0
5,0.7,128,Oracle damage mode,1.0,1.0
5,0.7,128,Nearest covariance centroid,1.0,0.9991666666666666
5,0.7,128,Window-mean logistic,0.48473888888888894,0.49083333333333334
6,0.1,1,AOC full effect,0.5054583333333333,0.485
6,0.1,1,AOC rank-1 witness,0.5248527777777778,0.5125
6,0.1,1,Oracle damage mode,0.5296444444444444,0.5358333333333334
6,0.1,1,Nearest covariance centroid,0.507625,0.5
6,0.1,1,Window-mean logistic,0.5213805555555555,0.5125
6,0.1,8,AOC full effect,0.5048277777777777,0.5141666666666667
6,0.1,8,AOC rank-1 witness,0.5473055555555555,0.5416666666666666
6,0.1,8,Oracle damage mode,0.546213888888889,0.5358333333333334
6,0.1,8,Nearest covariance centroid,0.535088888888889,0.5
6,0.1,8,Window-mean logistic,0.4999472222222222,0.5008333333333334
6,0.1,32,AOC full effect,0.5407555555555555,0.5266666666666666
6,0.1,32,AOC rank-1 witness,0.5699527777777778,0.5433333333333333
6,0.1,32,Oracle damage mode,0.5983777777777777,0.5608333333333333
6,0.1,32,Nearest covariance centroid,0.5650861111111112,0.5
6,0.1,32,Window-mean logistic,0.5175527777777778,0.5166666666666667
6,0.1,128,AOC full effect,0.5597833333333333,0.5475
6,0.1,128,AOC rank-1 witness,0.6617249999999999,0.6166666666666667
6,0.1,128,Oracle damage mode,0.6748999999999999,0.6258333333333334
6,0.1,128,Nearest covariance centroid,0.6063916666666667,0.5791666666666667
6,0.1,128,Window-mean logistic,0.4690944444444444,0.4708333333333333
6,0.2,1,AOC full effect,0.5394916666666667,0.5216666666666666
6,0.2,1,AOC rank-1 witness,0.5476722222222222,0.54
6,0.2,1,Oracle damage mode,0.54505,0.5408333333333334
6,0.2,1,Nearest covariance centroid,0.5595833333333333,0.5
6,0.2,1,Window-mean logistic,0.5039750000000001,0.49916666666666665
6,0.2,8,AOC full effect,0.5631027777777778,0.535
6,0.2,8,AOC rank-1 witness,0.6133472222222223,0.585
6,0.2,8,Oracle damage mode,0.61595,0.5933333333333334
6,0.2,8,Nearest covariance centroid,0.6089333333333333,0.5858333333333333
6,0.2,8,Window-mean logistic,0.5185861111111112,0.49583333333333335
6,0.2,32,AOC full effect,0.6138083333333334,0.5691666666666667
6,0.2,32,AOC rank-1 witness,0.7017027777777778,0.6391666666666667
6,0.2,32,Oracle damage mode,0.7031138888888889,0.6425
6,0.2,32,Nearest covariance centroid,0.6914083333333333,0.6416666666666667
6,0.2,32,Window-mean logistic,0.4941055555555556,0.5075
6,0.2,128,AOC full effect,0.6688472222222223,0.62
6,0.2,128,AOC rank-1 witness,0.8494694444444444,0.7675
6,0.2,128,Oracle damage mode,0.8486750000000001,0.7666666666666667
6,0.2,128,Nearest covariance centroid,0.8262611111111111,0.7425
6,0.2,128,Window-mean logistic,0.47576111111111113,0.48333333333333334
6,0.35,1,AOC full effect,0.5388166666666666,0.5208333333333334
6,0.35,1,AOC rank-1 witness,0.5520055555555555,0.5383333333333333
6,0.35,1,Oracle damage mode,0.5559333333333333,0.5416666666666666
6,0.35,1,Nearest covariance centroid,0.5504638888888889,0.5441666666666667
6,0.35,1,Window-mean logistic,0.4831694444444445,0.4841666666666667
6,0.35,8,AOC full effect,0.6353027777777778,0.5958333333333333
6,0.35,8,AOC rank-1 witness,0.6815388888888889,0.635
6,0.35,8,Oracle damage mode,0.6834083333333334,0.645
6,0.35,8,Nearest covariance centroid,0.6784138888888889,0.6308333333333334
6,0.35,8,Window-mean logistic,0.4968222222222222,0.5041666666666667
6,0.35,32,AOC full effect,0.7536472222222221,0.69
6,0.35,32,AOC rank-1 witness,0.8314999999999999,0.7633333333333333
6,0.35,32,Oracle damage mode,0.8332527777777777,0.7541666666666667
6,0.35,32,Nearest covariance centroid,0.8232222222222223,0.7541666666666667
6,0.35,32,Window-mean logistic,0.5245944444444444,0.5125
6,0.35,128,AOC full effect,0.9340527777777778,0.8625
6,0.35,128,AOC rank-1 witness,0.9773888888888889,0.9208333333333333
6,0.35,128,Oracle damage mode,0.9776888888888889,0.9216666666666666
6,0.35,128,Nearest covariance centroid,0.9754444444444446,0.9141666666666667
6,0.35,128,Window-mean logistic,0.5361055555555556,0.5241666666666667
6,0.5,1,AOC full effect,0.5942361111111112,0.5666666666666667
6,0.5,1,AOC rank-1 witness,0.5942361111111112,0.5666666666666667
6,0.5,1,Oracle damage mode,0.5951944444444444,0.5691666666666667
6,0.5,1,Nearest covariance centroid,0.6000472222222222,0.5666666666666667
6,0.5,1,Window-mean logistic,0.5149250000000001,0.5291666666666667
6,0.5,8,AOC full effect,0.7652333333333334,0.6958333333333333
6,0.5,8,AOC rank-1 witness,0.7652333333333334,0.6958333333333333
6,0.5,8,Oracle damage mode,0.7659611111111111,0.6941666666666667
6,0.5,8,Nearest covariance centroid,0.7633222222222222,0.6991666666666667
6,0.5,8,Window-mean logistic,0.480975,0.4791666666666667
6,0.5,32,AOC full effect,0.942,0.8733333333333333
6,0.5,32,AOC rank-1 witness,0.942,0.8733333333333333
6,0.5,32,Oracle damage mode,0.9416083333333334,0.8758333333333334
6,0.5,32,Nearest covariance centroid,0.9376166666666667,0.8675
6,0.5,32,Window-mean logistic,0.5027166666666667,0.5008333333333334
6,0.5,128,AOC full effect,0.9992555555555556,0.9833333333333333
6,0.5,128,AOC rank-1 witness,0.9992555555555556,0.9833333333333333
6,0.5,128,Oracle damage mode,0.999325,0.9825
6,0.5,128,Nearest covariance centroid,0.9993944444444445,0.9833333333333333
6,0.5,128,Window-mean logistic,0.5198055555555555,0.5058333333333334
6,0.7,1,AOC full effect,0.6313555555555557,0.5883333333333334
6,0.7,1,AOC rank-1 witness,0.6313555555555557,0.5883333333333334
6,0.7,1,Oracle damage mode,0.6311611111111111,0.5908333333333333
6,0.7,1,Nearest covariance centroid,0.6292944444444444,0.595
6,0.7,1,Window-mean logistic,0.48757222222222224,0.48833333333333334
6,0.7,8,AOC full effect,0.9032777777777778,0.8225
6,0.7,8,AOC rank-1 witness,0.9032777777777778,0.8225
6,0.7,8,Oracle damage mode,0.9032388888888889,0.8191666666666667
6,0.7,8,Nearest covariance centroid,0.9025777777777777,0.82
6,0.7,8,Window-mean logistic,0.47901388888888885,0.4825
6,0.7,32,AOC full effect,0.9935222222222222,0.9566666666666667
6,0.7,32,AOC rank-1 witness,0.9935222222222222,0.9566666666666667
6,0.7,32,Oracle damage mode,0.9934888888888889,0.9575
6,0.7,32,Nearest covariance centroid,0.9933666666666667,0.9566666666666667
6,0.7,32,Window-mean logistic,0.4985027777777778,0.49666666666666665
6,0.7,128,AOC full effect,1.0,1.0
6,0.7,128,AOC rank-1 witness,1.0,1.0
6,0.7,128,Oracle damage mode,1.0,1.0
6,0.7,128,Nearest covariance centroid,1.0,1.0
6,0.7,128,Window-mean logistic,0.5135861111111111,0.49833333333333335
7,0.1,1,AOC full effect,0.4947111111111111,0.48583333333333334
7,0.1,1,AOC rank-1 witness,0.5296166666666666,0.47333333333333333
7,0.1,1,Oracle damage mode,0.5282111111111112,0.49583333333333335
7,0.1,1,Nearest covariance centroid,0.5129527777777778,0.5
7,0.1,1,Window-mean logistic,0.5125027777777778,0.515
7,0.1,8,AOC full effect,0.5083444444444445,0.5058333333333334
7,0.1,8,AOC rank-1 witness,0.5532305555555556,0.5416666666666666
7,0.1,8,Oracle damage mode,0.5534583333333334,0.54
7,0.1,8,Nearest covariance centroid,0.5330777777777778,0.5
7,0.1,8,Window-mean logistic,0.4867027777777778,0.4925
7,0.1,32,AOC full effect,0.4995277777777778,0.5133333333333333
7,0.1,32,AOC rank-1 witness,0.5562083333333333,0.54
7,0.1,32,Oracle damage mode,0.5711916666666668,0.5433333333333333
7,0.1,32,Nearest covariance centroid,0.5311583333333333,0.5
7,0.1,32,Window-mean logistic,0.5003888888888889,0.49583333333333335
7,0.1,128,AOC full effect,0.5353749999999999,0.5266666666666666
7,0.1,128,AOC rank-1 witness,0.6641944444444445,0.6233333333333333
7,0.1,128,Oracle damage mode,0.6889444444444444,0.6383333333333333
7,0.1,128,Nearest covariance centroid,0.5928583333333333,0.5616666666666666
7,0.1,128,Window-mean logistic,0.4918666666666667,0.48833333333333334
7,0.2,1,AOC full effect,0.5038111111111111,0.5075
7,0.2,1,AOC rank-1 witness,0.5182166666666667,0.5058333333333334
7,0.2,1,Oracle damage mode,0.5310861111111111,0.5133333333333333
7,0.2,1,Nearest covariance centroid,0.5075916666666667,0.5
7,0.2,1,Window-mean logistic,0.4808416666666666,0.4925
7,0.2,8,AOC full effect,0.5175194444444444,0.5041666666666667
7,0.2,8,AOC rank-1 witness,0.5944027777777778,0.5666666666666667
7,0.2,8,Oracle damage mode,0.5930749999999999,0.5675
7,0.2,8,Nearest covariance centroid,0.5767194444444445,0.5633333333333334
7,0.2,8,Window-mean logistic,0.48978333333333335,0.48583333333333334
7,0.2,32,AOC full effect,0.580961111111111,0.5566666666666666
7,0.2,32,AOC rank-1 witness,0.6865055555555555,0.6416666666666667
7,0.2,32,Oracle damage mode,0.6871916666666666,0.6433333333333333
7,0.2,32,Nearest covariance centroid,0.6639527777777778,0.6341666666666667
7,0.2,32,Window-mean logistic,0.5063805555555555,0.5091666666666667
7,0.2,128,AOC full effect,0.6592444444444445,0.6175
7,0.2,128,AOC rank-1 witness,0.8318138888888889,0.7525
7,0.2,128,Oracle damage mode,0.837975,0.7558333333333334
7,0.2,128,Nearest covariance centroid,0.8002138888888888,0.74
7,0.2,128,Window-mean logistic,0.5209277777777778,0.5083333333333333
7,0.35,1,AOC full effect,0.5475083333333333,0.545
7,0.35,1,AOC rank-1 witness,0.5586555555555556,0.5375
7,0.35,1,Oracle damage mode,0.5588861111111111,0.5425
7,0.35,1,Nearest covariance centroid,0.5618694444444444,0.5416666666666666
7,0.35,1,Window-mean logistic,0.47444444444444445,0.4675
7,0.35,8,AOC full effect,0.5990472222222223,0.5708333333333333
7,0.35,8,AOC rank-1 witness,0.6732,0.6308333333333334
7,0.35,8,Oracle damage mode,0.6734027777777778,0.6258333333333334
7,0.35,8,Nearest covariance centroid,0.6700138888888889,0.6308333333333334
7,0.35,8,Window-mean logistic,0.4944388888888889,0.4775
7,0.35,32,AOC full effect,0.7178055555555556,0.6608333333333334
7,0.35,32,AOC rank-1 witness,0.8513888888888889,0.7641666666666667
7,0.35,32,Oracle damage mode,0.8501194444444444,0.7658333333333334
7,0.35,32,Nearest covariance centroid,0.8468444444444446,0.7591666666666667
7,0.35,32,Window-mean logistic,0.5230416666666666,0.5216666666666666
7,0.35,128,AOC full effect,0.8719916666666667,0.78
7,0.35,128,AOC rank-1 witness,0.9797416666666666,0.9283333333333333
7,0.35,128,Oracle damage mode,0.9807416666666666,0.9266666666666666
7,0.35,128,Nearest covariance centroid,0.9768388888888888,0.9216666666666666
7,0.35,128,Window-mean logistic,0.4794,0.4775
7,0.5,1,AOC full effect,0.5861833333333333,0.5566666666666666
7,0.5,1,AOC rank-1 witness,0.604963888888889,0.5775
7,0.5,1,Oracle damage mode,0.6046499999999999,0.5758333333333333
7,0.5,1,Nearest covariance centroid,0.6014888888888889,0.57
7,0.5,1,Window-mean logistic,0.5311888888888889,0.5116666666666667
7,0.5,8,AOC full effect,0.7243361111111111,0.6575
7,0.5,8,AOC rank-1 witness,0.7720777777777776,0.7108333333333333
7,0.5,8,Oracle damage mode,0.7724638888888888,0.7058333333333333
7,0.5,8,Nearest covariance centroid,0.7720444444444444,0.7025
7,0.5,8,Window-mean logistic,0.49578333333333335,0.5016666666666667
7,0.5,32,AOC full effect,0.8708916666666666,0.7916666666666666
7,0.5,32,AOC rank-1 witness,0.9266777777777778,0.8408333333333333
7,0.5,32,Oracle damage mode,0.9265527777777777,0.8408333333333333
7,0.5,32,Nearest covariance centroid,0.9268611111111111,0.8458333333333333
7,0.5,32,Window-mean logistic,0.5022722222222222,0.49166666666666664
7,0.5,128,AOC full effect,0.9880027777777778,0.9441666666666667
7,0.5,128,AOC rank-1 witness,0.9989388888888888,0.9858333333333333
7,0.5,128,Oracle damage mode,0.998963888888889,0.9858333333333333
7,0.5,128,Nearest covariance centroid,0.9988138888888889,0.9858333333333333
7,0.5,128,Window-mean logistic,0.5182555555555557,0.5275
7,0.7,1,AOC full effect,0.631588888888889,0.6058333333333333
7,0.7,1,AOC rank-1 witness,0.631588888888889,0.6058333333333333
7,0.7,1,Oracle damage mode,0.63165,0.6075
7,0.7,1,Nearest covariance centroid,0.631925,0.6083333333333333
7,0.7,1,Window-mean logistic,0.5188527777777777,0.5083333333333333
7,0.7,8,AOC full effect,0.8920916666666666,0.8083333333333333
7,0.7,8,AOC rank-1 witness,0.8920916666666666,0.8083333333333333
7,0.7,8,Oracle damage mode,0.8919472222222222,0.8083333333333333
7,0.7,8,Nearest covariance centroid,0.8907277777777778,0.8083333333333333
7,0.7,8,Window-mean logistic,0.4945555555555556,0.49583333333333335
7,0.7,32,AOC full effect,0.9933361111111111,0.965
7,0.7,32,AOC rank-1 witness,0.9933361111111111,0.965
7,0.7,32,Oracle damage mode,0.9931805555555556,0.965
7,0.7,32,Nearest covariance centroid,0.9929305555555555,0.9591666666666666
7,0.7,32,Window-mean logistic,0.5180750000000001,0.5158333333333334
7,0.7,128,AOC full effect,1.0,1.0
7,0.7,128,AOC rank-1 witness,1.0,1.0
7,0.7,128,Oracle damage mode,1.0,1.0
7,0.7,128,Nearest covariance centroid,1.0,0.9991666666666666
7,0.7,128,Window-mean logistic,0.4948944444444445,0.49166666666666664
