regime,time,score,contrast,e_value,anytime_p_value,alarm,witness_rank
null,1,0.0,0.0,1.0,1.0,False,0
null,2,-0.022365419991619895,0.05712303708329088,0.9961149090342782,1.0,False,1
null,3,-0.028339287619117685,0.02982357886271203,0.9908160585874225,1.0,False,1
null,4,0.013915311074959441,0.0277702638766487,0.9934977262996402,1.0,False,1
null,5,0.016904267380716306,0.02846814126752807,0.9968744985978263,1.0,False,1
null,6,0.0016628654345833827,0.0283492216325998,0.9972162097960334,1.0,False,1
null,7,0.008068779777033422,0.026670517656330626,0.998898727545456,1.0,False,1
null,8,-0.030808705142132145,0.026663571670960475,0.992378634466907,1.0,False,1
null,9,-0.01979986128956357,0.020750512143085226,0.9882264793059607,1.0,False,1
null,10,-0.0069034086906866465,0.017984180967753918,0.9867851159711803,1.0,False,1
null,11,0.010319534638923697,0.016177626798710647,0.9889433531418891,1.0,False,1
null,12,-0.003010818404523441,0.016737721984234438,0.9883071703750026,1.0,False,1
null,13,-0.012438210786952092,0.01622926839660804,0.9856731437122233,1.0,False,1
null,14,-0.00780602631891375,0.014184848115333198,0.9840259160312028,1.0,False,1
null,15,0.013057855710879682,0.013860821490865137,0.9867775703719823,1.0,False,1
null,16,-0.005285559843308946,0.014491595502638406,0.985652864719193,1.0,False,1
null,17,-0.009188506401924354,0.013560857056744277,0.9836989522816766,1.0,False,1
null,18,0.0172889823143738,0.013215585592617242,0.9873641675065966,1.0,False,1
null,19,0.006871691943870273,0.014509097762414238,0.9888374803581049,1.0,False,1
null,20,0.013227790142219767,0.015106162776960823,0.9916889365200737,1.0,False,1
null,21,0.0036008614491131324,0.015055840278935369,0.9924719794267426,1.0,False,1
null,22,-0.010872619291463756,0.014381049297984172,0.9900997729592982,1.0,False,1
null,23,0.016294857326210915,0.013702321941565156,0.9936378210353589,1.0,False,1
null,24,0.009484841134604086,0.013142903525177694,0.9957181260291201,1.0,False,1
null,25,-0.012338979575977266,0.015127168549620535,0.9929948087756387,1.0,False,1
null,26,-0.0054031401153945835,0.013957437035671824,0.9918093743977392,1.0,False,1
null,27,0.004308531704837845,0.013800209037110949,0.9927526376484805,1.0,False,1
null,28,0.001263009523748207,0.014824136141824241,0.9930300325639707,1.0,False,1
null,29,-0.00040754102791405733,0.015727989397638507,0.9929403941303633,1.0,False,1
null,30,-0.002286199451080384,0.015422067779535843,0.9924373066495363,1.0,False,1
null,31,0.020429009326731293,0.015562886186407757,0.9969300360936513,1.0,False,1
null,32,0.0020814945763881487,0.015751266121324173,0.9973932736028845,1.0,False,1
null,33,-0.00386333578062191,0.014067475364063381,0.9965319958833875,1.0,False,1
null,34,-0.025259912303434107,0.012896856695539149,0.9909097411783172,1.0,False,1
null,35,-0.006588775817326087,0.012502214235085943,0.9894631337630252,1.0,False,1
null,36,0.0040279460693723595,0.01235626898458289,0.9903446941514971,1.0,False,1
null,37,-0.00046336861556285636,0.01315961751184007,0.9902430074363908,1.0,False,1
null,38,-0.02256856060985854,0.012399372412499663,0.985289414421228,1.0,False,1
null,39,0.0018009616506484138,0.011356793148625137,0.9856799270209162,1.0,False,1
null,40,-0.0006703351424146298,0.013158532528244917,0.9855343717206699,1.0,False,1
null,41,0.005903354465920177,0.012656143242307525,0.9868162282768637,1.0,False,1
null,42,0.015047208143017549,0.013132494793101772,0.9900954235738738,1.0,False,1
null,43,-0.018252713991834424,0.01441422469995687,0.98608319527657,1.0,False,1
null,44,-0.0006010176872364298,0.013943298200289125,0.9859523760484254,1.0,False,1
null,45,0.008432649836103909,0.015229756232177155,0.9877878198489369,1.0,False,1
null,46,0.000747352997237799,0.013386964628043315,0.9879512950834218,1.0,False,1
null,47,-0.008948400581558658,0.013153867120607322,0.9859925586398132,1.0,False,1
null,48,0.005817950121269691,0.013073624831655297,0.9872601076237274,1.0,False,1
null,49,0.002392274350067905,0.014734608556264154,0.9877831231528373,1.0,False,1
null,50,-0.011833585506444394,0.01577511076786198,0.9851919019419431,1.0,False,1
null,51,0.009201508286845766,0.014813783431816956,0.987194070603009,1.0,False,1
null,52,-0.0018006128439944369,0.016378991184020645,0.98680018962548,1.0,False,1
null,53,-0.008474601538562873,0.01637499945712125,0.9849478119533815,1.0,False,1
null,54,0.0058168160182033996,0.016488707059655622,0.9862135708289804,1.0,False,1
null,55,0.013747698190428162,0.017251552423464704,0.9892153546554868,1.0,False,1
null,56,-0.01864845923060865,0.01752683553281312,0.9851117367859487,1.0,False,1
null,57,0.008414753206438474,0.015228375525814667,0.9869446444907828,1.0,False,1
null,58,-0.0024633217343115743,0.015878212412378974,0.9864054873258714,1.0,False,1
null,59,-0.008005983358607513,0.015962483131624898,0.9846552526538986,1.0,False,1
null,60,-0.0012155090762502457,0.015690605005970137,0.9843906520617953,1.0,False,1
null,61,-0.004229157031654815,0.016662312170152186,0.9834704789879697,1.0,False,1
null,62,-0.017219162919876768,0.016198297785465617,0.9797320821692987,1.0,False,1
null,63,-0.016505725921466874,0.014488971250502471,0.9761820222283141,1.0,False,1
null,64,-0.011572810666778774,0.013201543904707859,0.973715125890696,1.0,False,1
null,65,0.009608379093789393,0.012652664944249912,0.9757506044360166,1.0,False,1
null,66,-0.008501267413325186,0.013685469909082256,0.9739399267889954,1.0,False,1
null,67,0.011839293690752886,0.013805547568806614,0.9764501908239448,1.0,False,1
null,68,-0.022029696915140264,0.014433686875572177,0.9717483645258189,1.0,False,1
null,69,0.0014631350866357584,0.01220242728246947,0.9720569151970716,1.0,False,1
null,70,-0.005392747874530396,0.013087434922490464,0.9709186137098994,1.0,False,1
null,71,0.010483057305168617,0.012771323899158272,0.9731251507295784,1.0,False,1
null,72,-0.005919549343888067,0.013585400815216472,0.9718718839802589,1.0,False,1
null,73,0.001816166162627017,0.013103279972447398,0.9722551997559128,1.0,False,1
null,74,0.0014585423552234411,0.01352642881175583,0.9725633785543097,1.0,False,1
null,75,-0.008413104987455233,0.014851966136267863,0.9707841301609779,1.0,False,1
null,76,0.0033225773243269197,0.014770497329841462,0.9714836568696044,1.0,False,1
null,77,-0.015289349620431783,0.01464935734623218,0.968258484910861,1.0,False,1
null,78,-0.028874040088942413,0.014055469909022858,0.9622178940413708,1.0,False,1
null,79,-0.00017584065895799583,0.014670944348484049,0.9621816815253594,1.0,False,1
null,80,-0.0019477767575161314,0.015375499583118537,0.9617805534828967,1.0,False,1
null,81,-0.0032746288439331472,0.017048863517001942,0.9611068132985529,1.0,False,1
null,82,0.00512660916457576,0.017093916967780055,0.9621598268518704,1.0,False,1
null,83,-0.0007468770780176548,0.016936813672381007,0.9620059766982996,1.0,False,1
null,84,0.02906224544897211,0.016258585478918848,0.967990697214272,1.0,False,1
null,85,0.0029507865906202024,0.017568812014005716,0.9686079615313412,1.0,False,1
null,86,-0.030172352055090695,0.01784841835975607,0.9622856161138432,1.0,False,1
null,87,0.011771822546976729,0.0142683740718034,0.9647119936653953,1.0,False,1
null,88,0.02051744491196321,0.014494901554586867,0.9689683159480768,1.0,False,1
null,89,0.02038610314924727,0.016401054639681417,0.9732448251292865,1.0,False,1
null,90,-0.002856968744722327,0.017118832901889355,0.9726388002775707,1.0,False,1
null,91,0.001063213713266481,0.01671291327819593,0.9728639965834552,1.0,False,1
null,92,-0.012661170051853063,0.016315992294951457,0.9701805043620848,1.0,False,1
null,93,0.004717851370544299,0.015383567517651258,0.9711735956381207,1.0,False,1
null,94,-0.0076144041442893495,0.014733457617200537,0.9695665483503231,1.0,False,1
null,95,-0.008957484149937203,0.015306322101905384,0.9676837548737725,1.0,False,1
null,96,0.013094424870836036,0.01593879815318703,0.9704228665551615,1.0,False,1
null,97,-0.010900341234745273,0.016207508042446053,0.9681263154192487,1.0,False,1
null,98,0.001956723978686223,0.014416341479647328,0.9685361483653606,1.0,False,1
null,99,-0.005936644376238226,0.0143019497129858,0.9672913189068245,1.0,False,1
null,100,-0.023401735708218574,0.013375700979992466,0.9623998411206562,1.0,False,1
null,101,-0.0012729851023886712,0.012991759146366216,0.9621371276122166,1.0,False,1
null,102,-0.0011624984650657755,0.012957768771184422,0.9618973657044986,1.0,False,1
null,103,-0.008450603060010636,0.011764865109249246,0.9601554395314538,1.0,False,1
null,104,0.0033809745280868886,0.01273799645047149,0.9608492175163307,1.0,False,1
null,105,0.0029860137563458428,0.014823081972551267,0.9614631062888074,1.0,False,1
null,106,0.010537515373409356,0.015662113931003786,0.9636331213466822,1.0,False,1
null,107,-0.005734066160578782,0.017559804061326595,0.9624454911533127,1.0,False,1
null,108,-0.001340024149741631,0.017236468568507954,0.9621687941701763,1.0,False,1
null,109,0.014931849437999245,0.016565739744258807,0.9652499582009632,1.0,False,1
null,110,0.018846976029995022,0.016505492914831842,0.9691706517485601,1.0,False,1
null,111,0.004746130464292397,0.015915729263159196,0.9701681315841936,1.0,False,1
null,112,-0.017089533717416117,0.015120369285732353,0.9665670033526412,1.0,False,1
null,113,-0.0012280502275951732,0.013592696919335222,0.9663106241716259,1.0,False,1
null,114,-0.020418307495432914,0.014360419883191845,0.9620505345640726,1.0,False,1
null,115,0.0017395620542268314,0.014440989050071901,0.9624094704726508,1.0,False,1
null,116,0.0030930528310809113,0.01541151690147185,0.9630483143103913,1.0,False,1
null,117,0.0013784622935486407,0.0160239308690861,0.9633335147468436,1.0,False,1
null,118,-0.001382575195207611,0.01569555717047707,0.9630472359731753,1.0,False,1
null,119,-0.00416063576831828,0.015106156532015424,0.9621863309699747,1.0,False,1
null,120,-0.0002890738201392351,0.01424677912116625,0.9621266487855352,1.0,False,1
null,121,0.00919357119553492,0.013634236499636144,0.964024543880608,1.0,False,1
null,122,0.009965340241542497,0.01409983917242723,0.9660920904006071,1.0,False,1
null,123,0.012445050263405769,0.013401934940453115,0.9686881757446848,1.0,False,1
null,124,0.017823308443007377,0.0131665222897571,0.9724314784022211,1.0,False,1
null,125,-0.021944444978970835,0.013400097498192957,0.9677777321474573,1.0,False,1
null,126,-0.007208876864132394,0.012348631873865068,0.9662672071467193,1.0,False,1
null,127,0.0002634774989949129,0.014734204709655686,0.9663222011829542,1.0,False,1
null,128,0.012285483831845398,0.01382922777639871,0.9688869457813377,1.0,False,1
null,129,-0.011178250549817331,0.015488975230874304,0.9665376827758836,1.0,False,1
null,130,0.0072724912892400545,0.015078067462155242,0.9680568551895476,1.0,False,1
null,131,0.011448912116719251,0.01568565441629126,0.9704579949954133,1.0,False,1
null,132,0.02614648817238728,0.015156593704910121,0.9759759685152147,1.0,False,1
null,133,-0.0005003164704336233,0.017392076427660972,0.9758688724247557,1.0,False,1
null,134,0.00550276368748065,0.0170083916859739,0.9770464956506862,1.0,False,1
null,135,-0.003991757818342365,0.017404287616053286,0.9761896315765226,1.0,False,1
null,136,-0.003019311012591494,0.01749656699034956,0.9755429068847706,1.0,False,1
null,137,-0.005571149104328543,0.01763757532087235,0.9743515208601317,1.0,False,1
null,138,-0.005039538732845739,0.016101588411084375,0.9732770697556034,1.0,False,1
null,139,-0.015025898870607637,0.014437111542649352,0.9700822063647364,1.0,False,1
null,140,-0.0073651489466043385,0.014192427410291659,0.9685290066535353,1.0,False,1
null,141,0.014433027631583675,0.012587571900516912,0.9715606007456157,1.0,False,1
null,142,0.010558137556480648,0.014162232028807904,0.9737957833298465,1.0,False,1
null,143,0.007822935993323621,0.014621633151709657,0.9754615113042344,1.0,False,1
null,144,0.03986161340852787,0.015138336766470237,0.9839857604469341,1.0,False,1
null,145,-0.01527852887022392,0.017056817106637725,0.9806471077880086,1.0,False,1
null,146,-0.01597832773511887,0.01605966043451424,0.9771848415093353,1.0,False,1
null,147,-0.009418528585325062,0.01574197884667526,0.9751618538234579,1.0,False,1
null,148,-0.0034935741674965853,0.015973902081694476,0.974415327866103,1.0,False,1
null,149,-0.012082721789797787,0.015304404145219594,0.9718382866810109,1.0,False,1
null,150,0.014994502425265399,0.013501838247967322,0.9750153210164418,1.0,False,1
null,151,0.014414104456841131,0.013320354134147649,0.978094458519387,1.0,False,1
null,152,-0.014178182507580725,0.01484231958961172,0.9750417455277117,1.0,False,1
null,153,0.02088824068853236,0.01395908595101733,0.9795043478697162,1.0,False,1
null,154,-0.002377940114612731,0.015069961615773217,0.9789904998802597,1.0,False,1
null,155,0.010208619834341043,0.015622692031420153,0.9811936538764016,1.0,False,1
null,156,-0.008525289931489849,0.015179337418461312,0.979343424528956,1.0,False,1
null,157,0.0051913605542045355,0.01482608023284007,0.9804648432885261,1.0,False,1
null,158,-0.007428192179748078,0.015715380217305768,0.9788556165529873,1.0,False,1
null,159,-0.01384065692302991,0.014521567739134867,0.97586937422518,1.0,False,1
null,160,0.017553252076302872,0.013592059201794736,0.9796279632911172,1.0,False,1
null,161,0.00950711321009276,0.015106015105075851,0.981683289677112,1.0,False,1
null,162,-0.007851685129126762,0.0157917900081521,0.9799769420452975,1.0,False,1
null,163,-0.007708842746435643,0.0148956902799658,0.9783088341868045,1.0,False,1
null,164,0.007587950362487508,0.014358148081738313,0.9799438672613155,1.0,False,1
null,165,0.014655890882062553,0.014801989047216739,0.9831151049610679,1.0,False,1
null,166,0.013833557232918695,0.015843357088277027,0.9861325778397443,1.0,False,1
null,167,-0.017783798344152016,0.016515104147208425,0.9822238029794359,1.0,False,1
null,168,0.00827087206343921,0.015438069187883943,0.9840238811741361,1.0,False,1
null,169,-0.019457665368481467,0.015184222045725653,0.9797697285126442,1.0,False,1
null,170,0.020896299096848814,0.014574692110593474,0.9842895169716442,1.0,False,1
null,171,0.0081948161453749,0.016224299056926912,0.9860824077921402,1.0,False,1
null,172,-0.006781882022714486,0.017729268179269213,0.984591908116003,1.0,False,1
null,173,-0.00454697149796518,0.01717997172736312,0.9835963105706105,1.0,False,1
null,174,0.02354968813342012,0.015925495058677186,0.9887398907673954,1.0,False,1
null,175,0.014357185247394363,0.01819046934868146,0.9919164561818528,1.0,False,1
null,176,-0.0002294359164164983,0.0187248430267187,0.991865288581591,1.0,False,1
null,177,0.0012456799356957149,0.017192947044736416,0.9921430637859753,1.0,False,1
null,178,0.010196255496910278,0.01776787466978046,0.994418351051367,1.0,False,1
null,179,0.0075260443928432535,0.017266698325425277,0.9961073159437008,1.0,False,1
null,180,-0.007342207298867198,0.01586512098543581,0.9944526829198865,1.0,False,1
null,181,3.9257597961056545e-05,0.01563909479334962,0.9944614939894926,1.0,False,1
null,182,-0.023307182605015332,0.0164193949112128,0.9892301619985358,1.0,False,1
null,183,0.006559157090544776,0.014628988250552378,0.9906833292063943,1.0,False,1
null,184,0.00035536001181993293,0.015463183966672102,0.9907623457439624,1.0,False,1
null,185,-0.006773934767049905,0.014158549698226667,0.9892557945526643,1.0,False,1
null,186,0.012324015075460354,0.014854256411798607,0.9919864666588953,1.0,False,1
null,187,-0.006357218009969551,0.013727158509631531,0.9905682431805128,1.0,False,1
null,188,0.009942171176125947,0.0134285835000172,0.992778446518729,1.0,False,1
null,189,-0.0038240575936956955,0.015336909244291997,0.9919236378826876,1.0,False,1
null,190,0.02953966756057265,0.01535808044013289,0.998512869111836,1.0,False,1
null,191,0.0063352641394701925,0.017323448403755794,0.999949216942848,1.0,False,1
null,192,-0.008125833759210832,0.016287276789295025,0.998100368136638,1.0,False,1
null,193,-0.009718981271382654,0.016403579529649253,0.9958990286666478,1.0,False,1
null,194,-0.0027389222433918947,0.01621914669534698,0.9952820160642943,1.0,False,1
null,195,-0.013660051208604682,0.016107230253747974,0.992209378397793,1.0,False,1
null,196,-0.0026111095838809023,0.016134450102260653,0.9916264983066854,1.0,False,1
null,197,0.002867693169572652,0.01559013817833442,0.9922657386870812,1.0,False,1
null,198,0.0031379044790778576,0.017247706667236126,0.9929663355829194,1.0,False,1
null,199,-0.011182757679175759,0.01579703824379977,0.9904651861211011,1.0,False,1
null,200,0.001107726664078823,0.013998671697574214,0.9907114074742559,1.0,False,1
null,201,-0.011903620065130183,0.012886324757473725,0.9880638504778892,1.0,False,1
null,202,0.0073406998282561225,0.012957806388285613,0.9896857961916568,1.0,False,1
null,203,0.015154053160998854,0.012096988959102542,0.9930477632892937,1.0,False,1
null,204,0.00034171188856770007,0.013161569862398857,0.9931242101792249,1.0,False,1
null,205,-0.004228354061511799,0.013197689043928833,0.9921780604388384,1.0,False,1
null,206,0.019331100066008897,0.012096805169161045,0.9964935569451626,1.0,False,1
null,207,-0.0031201871410914683,0.014027879545443244,0.9957895228311053,1.0,False,1
null,208,-0.005225274851239858,0.013948675860694627,0.9946125310423545,1.0,False,1
null,209,-0.00411505518919239,0.01197139822563673,0.993688297421135,1.0,False,1
null,210,0.008182133724652985,0.011113957726223119,0.9955218117383489,1.0,False,1
null,211,-0.001776775685080667,0.012577390389762879,0.9951218434790957,1.0,False,1
null,212,0.014358132306242888,0.013574802075119859,0.9983508389182959,1.0,False,1
null,213,-0.0013459218498063225,0.014320890473586485,0.9980457343383631,1.0,False,1
null,214,-0.01965981445948864,0.013770007340749775,0.9935923708093931,1.0,False,1
null,215,0.029596545934343632,0.013059193716180898,1.0002232460210045,0.9997768038066576,False,1
null,216,-0.012661687090175552,0.015680978420074605,0.9973398295781477,0.9997768038066576,False,1
null,217,0.008433202836851353,0.014619021730082568,0.999246753819066,0.9997768038066576,False,1
null,218,0.01619764895264922,0.013835493913177515,1.0029266333442846,0.9970819068444462,False,1
null,219,-0.0006203759979699908,0.015976045021531788,1.0027844173750726,0.9970819068444462,False,1
null,220,8.716136591882528e-05,0.01521547147225875,1.002804391699863,0.9970819068444462,False,1
null,221,-0.004402225280865091,0.01512627626232683,1.0017954945215457,0.9970819068444462,False,1
null,222,0.02611275728519459,0.014672736451361868,1.0077653255624055,0.9922945100754763,False,1
null,223,-0.019819326614287966,0.015628787342215837,1.0031680989928051,0.9922945100754763,False,1
null,224,-0.007296318789559289,0.013874135489873495,1.00149448078926,0.9922945100754763,False,1
null,225,0.014056943000202826,0.013556953275740209,1.0047057170753297,0.9922945100754763,False,1
null,226,-0.0063037115397096555,0.014059433047645934,1.0032543390507596,0.9922945100754763,False,1
null,227,0.01674122896781552,0.013025646980044481,1.0070953055781997,0.9922945100754763,False,1
null,228,0.01404614052243823,0.013792368845669842,1.010348156352114,0.9897578312118902,False,1
null,229,-0.026120139852471733,0.016051585912841178,1.0042514239357632,0.9897578312118902,False,1
null,230,0.00037187154069291684,0.014688431764215172,1.004336948565693,0.9897578312118902,False,1
null,231,-0.0061864123486885525,0.016186355974533502,1.0029138582759043,0.9897578312118902,False,1
null,232,-0.010413301574862449,0.01688370163504151,1.0005267069732657,0.9897578312118902,False,1
null,233,0.004322952991739085,0.016789485252631443,1.0015119424275292,0.9897578312118902,False,1
null,234,-0.010486770931766795,0.017033934741288434,0.9991161289952788,0.9897578312118902,False,1
null,235,0.007995277883614704,0.017037714598864967,1.0009320525658536,0.9897578312118902,False,1
null,236,-0.009044245188755434,0.018001576691061224,0.9988687013692178,0.9897578312118902,False,1
null,237,-0.0023180173776212454,0.016789461860527228,0.9983425348945962,0.9897578312118902,False,1
null,238,0.03345842062483384,0.017025891810336535,1.0059275241585814,0.9897578312118902,False,1
null,239,0.010325470114470076,0.019534422230677535,1.0083119713643554,0.9897578312118902,False,1
null,240,-0.010215363841920608,0.019957041887615354,1.0059392718924183,0.9897578312118902,False,1
null,241,-0.015826002352825302,0.017390113396790027,1.002284451825427,0.9897578312118902,False,1
null,242,0.01724749705141318,0.01668779736124129,1.0062322532776895,0.9897578312118902,False,1
null,243,0.010278764911670027,0.0150912304293467,1.008607680004653,0.9897578312118902,False,1
null,244,-0.011299995647281291,0.0163398912184417,1.0059811701709502,0.9897578312118902,False,1
null,245,-0.008701424756767412,0.015416641591035556,1.0039714749587185,0.9897578312118902,False,1
null,246,0.014262550602074209,0.01574807304182482,1.0072495419212224,0.9897578312118902,False,1
null,247,-0.006954784317249607,0.01686577256909774,1.0056382966191137,0.9897578312118902,False,1
null,248,-0.001442916034118849,0.015472605679964547,1.0053053111831252,0.9897578312118902,False,1
null,249,-0.007809276556204503,0.015236048299103041,1.0035045841623138,0.9897578312118902,False,1
null,250,-0.013797221915422223,0.013935318197393187,1.0003369967588642,0.9897578312118902,False,1
change,1,0.0,0.0,1.0,1.0,False,0
change,2,-0.009290683454286547,0.06975119115732487,0.9983861179281609,1.0,False,1
change,3,-0.007034246381285761,0.041381170504511275,0.9970619317028063,1.0,False,1
change,4,-0.001071221556069188,0.033083111169080075,0.9968517634757866,1.0,False,1
change,5,-0.009662131873824892,0.026251065188184108,0.9949035253644347,1.0,False,1
change,6,-0.01313083896243221,0.022763409668552254,0.9922194415965726,1.0,False,1
change,7,0.0076763443836638245,0.024115916892425312,0.9937988727695413,1.0,False,1
change,8,0.009772192199733437,0.023543164628633564,0.9958393201354925,1.0,False,1
change,9,0.009777501939649685,0.022366551444303495,0.9979087442665302,1.0,False,1
change,10,0.021537775626905717,0.021797112158938165,1.0025220067427363,0.9974843377743592,False,1
change,11,-0.0013112493349358295,0.02214776305586775,1.002236263685819,0.9974843377743592,False,1
change,12,0.00015116702996921527,0.020594942057410182,1.0022693271893774,0.9974843377743592,False,1
change,13,0.003114163724756966,0.01919765599019184,1.0029530806607267,0.997055614347601,False,1
change,14,-0.005010171031949423,0.01840559873203068,1.0018475645573153,0.997055614347601,False,1
change,15,-0.0037531891144497592,0.017171394628124538,1.0010194135680328,0.997055614347601,False,1
change,16,-0.012415305817557051,0.0161034394049994,0.9982789597210568,0.997055614347601,False,1
change,17,0.0035341897129773786,0.015302853204424312,0.9990553496143568,0.997055614347601,False,1
change,18,0.001960649923852628,0.016101014598743742,0.999487755285026,0.997055614347601,False,1
change,19,0.009792871160225036,0.016576039860301144,1.0016536295490568,0.997055614347601,False,1
change,20,-0.0030275638626735962,0.01718801196619717,1.000979312461483,0.997055614347601,False,1
change,21,0.004078718679853474,0.016313179623622918,1.0018874950266314,0.997055614347601,False,1
change,22,0.008797212305889757,0.016338041916170245,1.003853309739483,0.9961614812621546,False,1
change,23,0.0033483713988787106,0.016488961038270588,1.0046060970343718,0.9954150218200257,False,1
change,24,0.01466339401732776,0.017254516563023032,1.0079124756934426,0.9921496400885417,False,1
change,25,0.03422080112617269,0.018776656051984496,1.0156998404711535,0.9845428345603847,False,1
change,26,0.014217549239690375,0.019620741579178536,1.0190004084314708,0.9813538755487667,False,1
change,27,0.006330340472355728,0.018157637699118392,1.0204830073654,0.9799281249981012,False,1
change,28,-0.00666922372061457,0.017842117319881848,1.0189142507481668,0.9799281249981012,False,1
change,29,-0.02131315286450894,0.015156773277580693,1.0139163608663404,0.9799281249981012,False,1
change,30,0.00957804991257441,0.014575652822133292,1.0161367281485718,0.9799281249981012,False,1
change,31,0.010202727152791469,0.015036468861759609,1.0185161797791007,0.9799281249981012,False,1
change,32,0.008000119478386095,0.015571086245297058,1.020393802464588,0.9799281249981012,False,1
change,33,0.007093506708275701,0.015286566182243801,1.022067098689308,0.9784093444377511,False,1
change,34,0.014172807329269066,0.015332737229968878,1.02542550521618,0.975204922164658,False,1
change,35,0.002447166636366238,0.01599712831866279,1.0260103373245113,0.9746490494507711,False,1
change,36,-0.0036789514577370563,0.015211087706373992,1.0251295089032018,0.9746490494507711,False,1
change,37,-0.01259317053815033,0.014729095639855559,1.0221194481917473,0.9746490494507711,False,1
change,38,0.03703004322785644,0.013847646244096654,1.0309105680862052,0.9700162467598058,False,1
change,39,0.017636582919693874,0.015407806866200696,1.0351873078471332,0.9660087526379049,False,1
change,40,0.0071993299708584535,0.016469802756495053,1.036951325151656,0.9643654198076734,False,1
change,41,0.0018706200333935274,0.01688198046074977,1.037411721632065,0.9639374407942792,False,1
change,42,0.0005589247978513012,0.014766417422130591,1.0375494758633395,0.9638094599468668,False,1
change,43,0.010352869117552954,0.014911733501991146,1.04010267150155,0.9614435453341779,False,1
change,44,0.015466382804698253,0.015175465979128824,1.0439407453682752,0.9579087744556095,False,1
change,45,-0.006497998060374016,0.016321485608777307,1.0423134290840304,0.9579087744556095,False,1
change,46,0.009063295917893816,0.01670055370453219,1.044575266298983,0.9573268985614443,False,1
change,47,-0.0034307094298301477,0.017470181502511097,1.0437144095196227,0.9573268985614443,False,1
change,48,-3.068713095250031e-05,0.01636537553961009,1.043706722696777,0.9573268985614443,False,1
change,49,-0.013643442039565398,0.015946038923363583,1.0402884462186122,0.9573268985614443,False,1
change,50,0.017418450299746174,0.014181014677052434,1.0446191436889172,0.9572866877287436,False,1
change,51,-0.007499544777961303,0.015484141558992734,1.042735459767969,0.9572866877287436,False,1
change,52,0.014146595557584074,0.015233514004881626,1.0462740481502981,0.9557725356639537,False,1
change,53,0.016158322832925454,0.015400953471640092,1.0503496079452426,0.9520639532167394,False,1
change,54,0.03657922463282763,0.016071267958959853,1.0596637611078068,0.9436955727867561,False,1
change,55,0.04721741609346519,0.02073728210264341,1.0719437287365159,0.9328847897442202,False,1
change,56,0.05369923704486862,0.02498067441430626,1.086296259910069,0.9205591852841203,False,1
change,57,0.10351685631190535,0.027875347383584916,1.1148411438868033,0.8969887821986736,False,1
change,58,0.07690932304207182,0.03436894312546372,1.1373530938278724,0.8792344307381297,False,1
change,59,0.06215908061652861,0.04009317987761711,1.156392548438222,0.8647582530262413,False,1
change,60,0.07126276641367704,0.04318904486754993,1.179049825645833,0.8481405774791941,False,1
change,61,0.07275516048617552,0.04793054188732486,1.2031980796817812,0.8311183477490901,False,1
change,62,0.07609930467510462,0.053385873857792414,1.2296012080559986,0.813271809956174,False,1
change,63,0.1155747153374157,0.05817468371493484,1.2716214658279703,0.7863975458678548,False,1
change,64,0.08217731310541385,0.06427547521882414,1.3036948046309458,0.7670506904283348,False,1
change,65,0.09790654927465167,0.07014188593683438,1.3439362074910792,0.7440829366944769,False,1
change,66,0.04078742487512618,0.0749430824051959,1.361772620513619,0.7343369847036803,False,1
change,67,0.13838951437278685,0.0775554904221818,1.4239259333233585,0.7022837189755085,False,1
change,68,0.07045453003138362,0.08243882963294302,1.4584797453168723,0.6856454491129995,False,1
change,69,0.07625193458160476,0.08148416465597219,1.4976595699150175,0.6677084833482843,False,1
change,70,0.07446570535386882,0.08474987256363606,1.5379125635767663,0.6502320246830366,False,1
change,71,0.07487276999832486,0.08293135599106907,1.5804611939590734,0.6327267027006139,False,1
change,72,0.11552536533243542,0.08378271752712863,1.649526709505137,0.6062345000160702,False,1
change,73,0.09352920377359122,0.0878203049937626,1.709967119681903,0.5848065664479123,False,1
change,74,0.08389371790146405,0.08666572202573081,1.7677784952619173,0.5656817314387785,False,1
change,75,0.08626960821992254,0.08704455671148831,1.8308015768618713,0.5462088369587673,False,1
change,76,0.06998689731186235,0.08793072427364902,1.8851186826325863,0.530470579498735,False,1
change,77,0.0449778900943221,0.087635171640301,1.9218084340589887,0.5203432258271095,False,1
change,78,0.08054348523462024,0.0860782154058375,1.9896816917126015,0.5025929545239262,False,1
change,79,0.07211797328326916,0.08627061049068027,2.0540668144856165,0.4868390808652551,False,1
change,80,0.07221843771499334,0.08376935161594914,2.12199956994129,0.47125362990892,False,1
change,81,0.10075105294453365,0.08322480519600033,2.221896339431262,0.4500660009440268,False,1
change,82,0.08372983512646909,0.08371478326472588,2.311220007716269,0.43267192074375743,False,1
change,83,0.10327978040458441,0.08647270634146706,2.4284147125145705,0.4117912788316629,False,1
change,84,0.08497447159586419,0.08465518952584491,2.532464843178394,0.3948722141962455,False,1
change,85,0.09388067423800447,0.0855253961940348,2.6549662752536607,0.3766526186493491,False,1
change,86,0.08108427115403607,0.08618343702255112,2.7684958809780107,0.361206966884392,False,1
change,87,0.09063469794244712,0.08667006343046206,2.903459803022597,0.3444166848664366,False,1
change,88,0.07715027107287509,0.08725529321206033,3.0265531384252338,0.3304088691865218,False,1
change,89,0.08783677794451719,0.08441653555953099,3.1752782658638696,0.31493302831143805,False,1
change,90,0.09067167954853081,0.08412489918708817,3.339565980808618,0.2994401086089239,False,1
change,91,0.04598713650569558,0.08488629608104041,3.4289566652388777,0.2916338984792434,False,1
change,92,0.055850213571839016,0.08264867114706259,3.5415533756959263,0.28236197338223,False,1
change,93,0.11861178031345627,0.08178335769870536,3.791504765591745,0.2637475255405432,False,1
change,94,0.05716820747364641,0.08614300562756107,3.9235987363402667,0.25486806047163457,False,1
change,95,0.13022585342563503,0.08451596816059218,4.238597110966132,0.2359271178222606,False,1
change,96,0.12154804557635082,0.08791566706889553,4.564088135212338,0.21910181626093342,False,1
change,97,0.0729191533388866,0.0915872873468513,4.779019775242409,0.20924793096284613,False,1
change,98,0.07669047005191437,0.09002675046901736,5.018815396158353,0.19925020568906537,False,1
change,99,0.08083103277783507,0.08955582778267332,5.287788936062966,0.1891149612988434,False,1
change,100,0.047731102929791436,0.08779179426688509,5.457413931188942,0.18323697132171574,False,1
change,101,0.0825810628363999,0.08488943453970771,5.7627153103343876,0.17352930799942187,False,1
change,102,0.057892984682719015,0.08424978010648076,5.991705541484774,0.1668973872424637,False,1
change,103,0.0962127906716359,0.08280824776472182,6.39099085166649,0.15647025996590871,False,1
change,104,0.10157276535201828,0.08354980437709124,6.847085560264375,0.1460475396719577,False,1
change,105,0.12263270859531865,0.08518874052618786,7.44562872733428,0.13430699227975404,False,1
change,106,0.12631077339809735,0.0870933912834221,8.127138833024372,0.12304453271261119,False,1
change,107,0.07946217761820204,0.0895161299559373,8.60268966161985,0.1162427147013582,False,1
change,108,0.09552462641364595,0.0916715399801274,9.213837345693486,0.10853241298723341,False,1
change,109,0.08692464883806676,0.09435044760910144,9.816267867146397,0.10187171066784483,False,1
change,110,0.09509029353609152,0.09279796389025323,10.525405149874759,0.09500821923343244,False,1
change,111,0.08246587441824228,0.09529442094254915,11.19172189667637,0.08935175563082676,False,1
change,112,0.10802833132422299,0.0919610570942519,12.127974162551459,0.0824540015172346,False,1
change,113,0.09918907419664985,0.09116350191702019,13.069642822546196,0.07651318506385796,False,1
change,114,0.08235009149822603,0.09296125639303894,13.920188804397354,0.07183810608115476,False,1
change,115,0.12340069312894981,0.09326586349483548,15.288062833171308,0.0654105108614708,False,1
change,116,0.07078193895634237,0.09575713255576779,16.158996925322196,0.06188502941249621,False,1
change,117,0.07516017281411538,0.09748053778275725,17.142385028728263,0.058334939877043857,False,1
change,118,0.0793185641354283,0.09706144029686319,18.250134875316164,0.05479411559596357,False,1
change,119,0.09152805265173085,0.0981282944175367,19.61952918625008,0.050969622691090274,False,1
change,120,0.15360880396029536,0.09818395916148684,22.107228086476272,0.04523407439812562,False,1
change,121,0.08946967510923266,0.10140498539504832,23.757185760345823,0.042092527712989665,False,1
change,122,0.0684490762698314,0.09935008140357948,25.121872215350873,0.03980595042549989,False,1
change,123,0.08648482729483731,0.09494192174011527,26.953374154478972,0.0371011063130226,False,1
change,124,0.09496081469117928,0.0947933643383753,29.122658056230847,0.03433752503185567,False,1
change,125,0.08860896626180857,0.09473753255456367,31.322137536736452,0.03192630128857397,False,1
change,126,0.0654859027868426,0.09500119462148822,33.07929119531594,0.030230393816346374,False,1
change,127,0.11522300370207544,0.09327958984050767,36.35642939117794,0.0275054513533349,False,1
change,128,0.08469281017067268,0.09541099971310167,39.01977751361725,0.025628029264160124,False,1
change,129,0.09011028291407633,0.09401580210995368,42.07411547421947,0.023767582246921885,False,1
change,130,0.06922818428763458,0.09320335979354986,44.615361821043784,0.02241380455483225,False,1
change,131,0.06656189173710236,0.09277153163877307,47.214780620696466,0.02117980824762432,False,1
change,132,0.08861450526758324,0.08898709231059562,50.888204335726265,0.01965091936439082,False,1
change,133,0.0692095646699975,0.08983317189759732,53.99237729188057,0.018521132985014552,False,1
change,134,0.08802423278380003,0.08977914965127545,58.19357667663232,0.017184027123075096,False,1
change,135,0.07969220841702028,0.09056990441020873,62.30768788286648,0.016049383855807984,False,1
change,136,0.08225709252085633,0.09008636149691765,66.86862699904789,0.014954696168866133,False,1
change,137,0.09481007792025542,0.08571252690047279,72.52790266111036,0.013787797017549805,False,1
change,138,0.08479001533121752,0.08610656939777817,78.0361174464047,0.012814579104179564,False,1
change,139,0.10497960599001838,0.08692542466858885,85.39544596695208,0.01171022633205755,False,1
change,140,0.09643595365007353,0.08691373702464938,92.81891698546589,0.010773665891367658,False,1
change,141,0.09781929513715411,0.08700408784825214,101.02839489120782,0.00989820734138009,True,1
change,142,0.08782265382759974,0.08756328029176862,109.0745322517336,0.00916804298268358,True,1
change,143,0.127032635900391,0.08880684619227504,121.67217178720291,0.008218806201215328,True,1
change,144,0.09142619995899634,0.08963722645530095,131.82090346066266,0.007586050267804567,True,1
change,145,0.05988788263900384,0.09024545507941197,139.04073159947922,0.007192137070168764,True,1
change,146,0.11240259222910726,0.08860738716826884,153.35615736299627,0.006520768498606713,True,1
change,147,0.08661637116917045,0.09149637078888317,165.5567198301343,0.006040225978299323,True,1
change,148,0.08331660699531028,0.09300015177111554,178.2523337346204,0.005610024727579646,True,1
change,149,0.08768942191085527,0.09250752094201631,192.66658178914687,0.005190313705229866,True,1
change,150,0.07285742175650466,0.09381274485013164,205.63642519876888,0.004862951682968602,True,1
change,151,0.07825905237123604,0.09300082409243907,220.529185598944,0.004534547195120955,True,1
change,152,0.0704269877672706,0.09268902773022876,234.92570643377985,0.004256664863033527,True,1
change,153,0.12464834451380627,0.09203460086171594,262.10850663928534,0.0038152138319425227,True,1
change,154,0.14308339990868046,0.09395663482329311,297.00430860356437,0.0033669545223156366,True,1
change,155,0.1157010403169013,0.09786506735292147,329.06015904939676,0.0030389579914166555,True,1
change,156,0.1219640907840374,0.09823837894038741,366.5730124912869,0.002727969506548901,True,1
change,157,0.09036467409053214,0.10002806310665042,397.59719956020757,0.0025151082580715496,True,1
change,158,0.08684270147036263,0.09963496688163388,429.9826145852829,0.0023256754251901497,True,1
change,159,0.11319822877624663,0.09950999275304157,475.69688280138377,0.002102179005485573,True,1
change,160,0.08639298868189646,0.0985337698443737,514.3598988658058,0.0019441640030746167,True,1
change,161,0.10180659764005107,0.09853068426888961,563.6856660326321,0.0017740383697145662,True,1
change,162,0.11417207657200558,0.10142834963123382,624.3928852001112,0.0016015557250936817,True,1
change,163,0.07948907970399544,0.1012096044864654,671.2811458105913,0.0014896887931992657,True,1
change,164,0.0915728331142591,0.10050143228533567,729.4139671789142,0.0013709636022841817,True,1
change,165,0.14050940490518324,0.10140478790047305,826.4493390919769,0.0012099955226520043,True,1
change,166,0.09513331583185985,0.10475128631113495,901.0104224119252,0.001109865074948954,True,1
change,167,0.08815738261927378,0.106334523625957,976.4206622614047,0.0010241487492532013,True,1
change,168,0.09001761488017536,0.1070257313949165,1059.9498158375263,0.0009434408922556804,True,1
change,169,0.07121341646502968,0.10804104304109016,1131.753690616682,0.0008835844833473521,True,1
change,170,0.09018282632249017,0.10451575009043267,1228.918684044751,0.0008137234895873591,True,1
change,171,0.07899344038345155,0.10116736822392322,1321.4211619792618,0.0007567610000298253,True,1
change,172,0.08059036810247508,0.0988487242647275,1422.9785204098885,0.0007027512964229076,True,1
change,173,0.07652668281314032,0.09615389681443764,1526.9091095702358,0.0006549178295762871,True,1
change,174,0.04815798353639411,0.09582733956131319,1597.1409362027534,0.0006261188210337452,True,1
change,175,0.08837472999070875,0.0930510498460873,1732.0140958178577,0.0005773625066993462,True,1
change,176,0.10638936458008964,0.09164861657283221,1908.2340713989186,0.0005240447254287332,True,1
change,177,0.09817348054658956,0.0925744501455414,2087.5570566316774,0.0004790288231036538,True,1
change,178,0.09026226436185396,0.0922122836780578,2268.0741782048026,0.00044090268722670584,True,1
change,179,0.0490968930518271,0.0905880353490777,2374.834927770984,0.0004210818984958244,True,1
change,180,0.10385450506465922,0.0882783238455416,2611.393303268652,0.0003829373379905322,True,1
change,181,0.06917087252975201,0.08872374575717099,2784.785837405727,0.0003590940411172114,True,1
change,182,0.12574883104421514,0.08424164666785385,3121.1169515225793,0.0003203981188568306,True,1
change,183,0.08891176562246962,0.08646790754807128,3387.889282868705,0.0002951690319564538,True,1
change,184,0.08619837417142615,0.08687929422306219,3668.808432087996,0.00027256806085971597,True,1
change,185,0.078128102026545,0.08675259175938951,3944.7084741097674,0.00025350415792783714,True,1
change,186,0.0813529991423278,0.08707424200334372,4253.770002586756,0.0002350855827634994,True,1
change,187,0.09639084760015224,0.08658810111320213,4648.869673309841,0.00021510605163685588,True,1
change,188,0.12562200668115858,0.08753195594586381,5211.968094722212,0.00019186610160039708,True,1
change,189,0.0809495611875887,0.09071615973425412,5619.091748494452,0.00017796470404099281,True,1
change,190,0.0474404991471494,0.09110512094897846,5876.453883737247,0.00017017065389850897,True,1
change,191,0.10010062953589764,0.09104675329111207,6444.535574804709,0.0001551702195437572,True,1
change,192,0.07325378702672228,0.09127310247654966,6900.716395065729,0.00014491249063865855,True,1
change,193,0.1177876784512614,0.08898152272882454,7686.488080163548,0.00013009842590931627,True,1
change,194,0.07720155304881632,0.09019884935724161,8260.524418480756,0.00012105768948067781,True,1
change,195,0.09930622992922508,0.08986169963492892,9054.405910464702,0.00011044346916723073,True,1
change,196,0.09276388860389304,0.09283423260762719,9867.686126852544,0.00010134088043991787,True,1
change,197,0.13717876630441828,0.09255304187902441,11179.020800653208,8.945327303994e-05,True,1
change,198,0.08725592593536305,0.09664411561062139,12124.607259296901,8.247689831216763e-05,True,1
change,199,0.10234878069223312,0.09405303606966821,13328.089045962633,7.502951072366384e-05,True,1
change,200,0.12065791162258678,0.09516998300678017,14888.44530155126,6.716618019853341e-05,True,1
change,201,0.07095741703841421,0.09748664388179532,15914.062470737324,6.283750625202042e-05,True,1
change,202,0.13169366800173377,0.09700162743770022,17949.350403360015,5.5712322592621837e-05,True,1
change,203,0.12723908341590467,0.09974711800304555,20168.536700838304,4.958217915524011e-05,True,1
change,204,0.10001820665689194,0.10177099049559764,22129.670689833012,4.518820067482648e-05,True,1
change,205,0.10521568302371742,0.10017504357773593,24394.25208719356,4.099326334849913e-05,True,1
change,206,0.09472569279122092,0.1016358203076019,26642.634185587413,3.7533826161264476e-05,True,1
change,207,0.111247227160576,0.10427739150835151,29527.611674805237,3.38666063145656e-05,True,1
change,208,0.11212748376121656,0.10470628908305962,32751.638063601335,3.053282397839374e-05,True,1
change,209,0.10822087531326098,0.10721225017211113,36204.51084750385,2.7620867582276582e-05,True,1
change,210,0.06116093819268764,0.10623228251293142,38362.46008014416,2.6067149966682796e-05,True,1
change,211,0.11383443064818705,0.10527007627187415,42619.23642894793,2.3463583203024677e-05,True,1
change,212,0.08026725313887924,0.10626460632053006,45955.13729949797,2.176035278673674e-05,True,1
change,213,0.08663865966990333,0.10517115791347519,49838.730747750225,2.00647164363258e-05,True,1
change,214,0.10039161730305873,0.10190772749369045,54720.50195628514,1.8274686164225528e-05,True,1
change,215,0.06967944964704403,0.10275326499832557,58441.91442579893,1.7111006883076272e-05,True,1
change,216,0.08032527572433887,0.10043508393305546,63024.67485035769,1.5866801413483604e-05,True,1
change,217,0.05785181791786892,0.09804144541566953,66584.98194434909,1.5018401609476861e-05,True,1
change,218,0.07497819964110608,0.097346600346191,71460.82730132349,1.3993680702622925e-05,True,1
change,219,0.12515901842970378,0.09418879504946681,80197.93889084959,1.2469148382491632e-05,True,1
change,220,0.11084803559358658,0.09399008941091773,88885.22475517294,1.1250463761040352e-05,True,1
change,221,0.08311567344932781,0.09469464173121438,96106.94248272874,1.0405075576925243e-05,True,1
change,222,0.07833671325592263,0.09342206491384197,103468.1528694934,9.664809627570345e-06,True,1
change,223,0.0733535979693119,0.092459320248019,110890.66700855916,9.017891468926004e-06,True,1
change,224,0.09971333214877114,0.09006113999228933,121706.44330673429,8.21649185392527e-06,True,1
change,225,0.08338104019300675,0.0894227934141384,131635.3904229141,7.5967412470706475e-06,True,1
change,226,0.07983692009828876,0.08781830118913729,141920.10545193622,7.046217988744856e-06,True,1
change,227,0.0627158486003217,0.08898252905350204,150632.25016607268,6.638684603711993e-06,True,1
change,228,0.11958159806938715,0.08597370858461101,168266.42228524992,5.942956333288956e-06,True,1
change,229,0.08025618356167247,0.0882061061517113,181490.6908196836,5.509924478680451e-06,True,1
change,230,0.08695190297946291,0.08779052445556662,196947.22974977855,5.0775022389017605e-06,True,1
change,231,0.07042211001719889,0.08695534959343712,210534.29055967068,4.749820076062977e-06,True,1
change,232,0.0890462673205692,0.0870934476798368,228902.8833556746,4.3686649348412836e-06,True,1
change,233,0.06612767701514055,0.08795075693838085,243736.88432462915,4.102784864797551e-06,True,1
change,234,0.07621707895413127,0.08825507077115118,261944.85402267418,3.817597424202268e-06,True,1
change,235,0.06008884069750725,0.08847554852155659,277374.77917391347,3.6052304502169674e-06,True,1
change,236,0.12570862791313825,0.08494541641091297,311560.8261440815,3.20964613034358e-06,True,1
change,237,0.1052739497113761,0.08570226153045303,343726.36478769465,2.909290943153744e-06,True,1
change,238,0.04579633397117233,0.08716955833775816,359166.886708295,2.7842210320801962e-06,True,1
change,239,0.08903079892844104,0.08521626454236415,390535.54462935845,2.560586389003489e-06,True,1
change,240,0.09145351298068406,0.08612506269155287,425578.120415227,2.3497448577110178e-06,True,1
change,241,0.09040127666540432,0.08591000585808688,463332.2888589811,2.1582782466178566e-06,True,1
change,242,0.1426637456026461,0.08628389096149187,528209.3044001707,1.8931889152077512e-06,True,1
change,243,0.07678160289417095,0.09007587689766176,568025.2068704845,1.760485252951125e-06,True,1
change,244,0.10386287796712723,0.09103757145885719,625952.2539699175,1.5975659383887429e-06,True,1
change,245,0.07152919508934089,0.09013732536943568,669922.1964051396,1.492710654111905e-06,True,1
change,246,0.09279708132973799,0.0892760484838414,730980.398626627,1.3680257389648335e-06,True,1
change,247,0.11166350155759325,0.08929688771013267,811161.1019710056,1.2328007316550841e-06,True,1
change,248,0.08356032462027091,0.0918189571787787,877755.6068753209,1.139269281981406e-06,True,1
change,249,0.05775070686788665,0.09145024180723295,927566.0801296238,1.0780903069032601e-06,True,1
change,250,0.06236084851982529,0.09092768002745873,984410.4311988783,1.0158364522632453e-06,True,1
